domanda;varianti;risposta;categoria;fonte_titolo;fonte_url;scade_il
Domanda su: orari, apertura, chiuso;orari|apertura|chiuso|aperto|quando;"🕐 **Orari Righetto Immobiliare**
Lunedì–Venerdì: 9:00–13:00 / 15:00–19:00
Sabato: 9:00–12:30
Domenica: Chiuso

📞 Tel: 049.8843484 · Cell: 349 736 5930
📧 info@righettoimmobiliare.it";azienda;;;
Domanda su: dove, sede, indirizzo;dove|sede|indirizzo|ufficio|trovare;"📍 **Righetto Immobiliare**
Via Roma, 96 — 35010 Limena (PD)

Siamo a Limena, alle porte di Padova, con copertura su tutti i 101 comuni della provincia.";azienda;;;
Domanda su: commissione, provvigione, costo agenzia;commissione|provvigione|costo agenzia|quanto costa|spesa agenzia|percentuale;"💰 **Compenso di mediazione**

L'importo e le condizioni economiche **non sono pubblicati online**: vengono spiegati e concordati **in sede** al momento del mandato, in modo chiaro e senza sorprese.

Nel servizio sono inclusi, tra l'altro: **valutazione**, **foto professionali**, **virtual tour 360°** e **gestione delle pratiche** fino al rogito o alla stipula.

📞 Per un preventivo personalizzato: **049.8843484** o passa in Via Roma 96, Limena.";documenti;;;
Domanda su: valutazione, valutare, stima;valutazione|valutare|stima|vale|valore|quanto vale;"🏠 **Stima del tuo immobile**

Posso fornirti una **stima automatica** basata sui dati di mercato 2025-2026!

Dimmi:
1. Il **comune** (es. Padova, Abano, Cittadella...)
2. La **tipologia** (appartamento, villa, capannone...)
3. I **metri quadri**
4. Lo **stato** (nuovo, buono, da ristrutturare...)

Esempio: *""Stima appartamento 80mq a Selvazzano in buono stato""*";vendita;;;
Domanda su: foto, fotografie, fotografo;foto|fotografie|fotografo|servizio fotografico;"📸 **Servizio Fotografico Professionale**

Ogni immobile riceve:
• Foto professionali con reflex
• Post-produzione colori
• Virtual Tour 360° con Pannellum
• Video YouTube
• Planimetrie CAD

Tutto **incluso** nel nostro servizio!";documenti;;;
Domanda su: vendere, vendita, mettere in vendita;vendere|vendita|mettere in vendita|affidare;"🏷️ **Vuoi vendere il tuo immobile?**

Ecco i nostri passi:
1. **Valutazione gratuita** — veniamo da te senza impegno
2. **Foto + Virtual Tour 360°** — valorizzazione massima
3. **Pubblicazione** — Idealista, Immobiliare.it, sito nostro
4. **Gestione visite** — noi organizziamo tutto
5. **Trattativa + Rogito** — ti assistiamo fino alla firma

👉 Vuoi un appuntamento gratuito?";documenti;;;
Domanda su: tempo vendita, quanto tempo, tempistica vendita;tempo vendita|quanto tempo|tempistica vendita|velocità;"⏱️ **Tempi medi di vendita a Padova**

Con la nostra strategia digitale (virtual tour 360°, pubblicazione multi-portale, social media marketing):
• Centro storico: **45-75 giorni**
• Prima cintura: **60-90 giorni**
• Provincia: **90-120 giorni**

Un immobile ben valorizzato si vende più velocemente!";vendita;;;
Domanda su: proposta, offerta, proposta acquisto;proposta|offerta|proposta acquisto;"📝 **Proposta di acquisto**

La proposta di acquisto è un'offerta formale scritta con cui l'acquirente manifesta la volontà di comprare a un prezzo definito. È accompagnata da un assegno di caparra (generalmente 5-10% del prezzo). Diventa vincolante solo quando il venditore l'accetta. Noi vi assistiamo in ogni fase della trattativa.";acquisto;;;
Domanda su: compromesso, preliminare, contratto preliminare;compromesso|preliminare|contratto preliminare;"📋 **Contratto preliminare (compromesso)**

Il preliminare di vendita è un contratto che obbliga le parti al rogito definitivo. Prevede:
• Caparra confirmatoria (10-20% del prezzo)
• Termine per il rogito
• Clausole sospensive (es. mutuo)
• Registrazione obbligatoria entro 20 giorni

Noi prepariamo e registriamo il preliminare per voi.";mutui;;;
Domanda su: rogito, atto, notaio;rogito|atto|notaio|notarile;"🏛️ **Il rogito notarile**

Il rogito è l'atto definitivo di compravendita stipulato dal notaio. Il notaio è scelto generalmente dall'acquirente. I costi notarili (onorario + imposte) variano dal 2% al 4% del prezzo di acquisto. Noi vi accompagniamo fino alla firma e al passaggio delle chiavi!";documenti;;;
Domanda su: prima casa, agevolazioni, under 36;prima casa|agevolazioni|under 36|giovani;"🏡 **Agevolazioni prima casa**

**Requisiti:**
• Non possedere altri immobili nello stesso comune
• Residenza nel comune entro 18 mesi
• Non aver già usufruito del bonus

**Vantaggi:**
• Imposta di registro al 2% (anziché 9%)
• Per under 36: esenzione totale imposte e credito IVA
• Detrazioni interessi mutuo fino a €4.000/anno";mutui;;;
Domanda su: caparra, deposito, anticipo;caparra|deposito|anticipo|acconto;"💶 **Caparra e acconti**

**Caparra confirmatoria:** somma versata al compromesso (10-20%). Se l'acquirente si ritira, la perde; se il venditore si ritira, deve restituire il doppio.

**Caparra penitenziale:** permette il recesso pagando la caparra come penale.

**Acconto:** semplice anticipo sul prezzo, va restituito se l'affare non si conclude.";acquisto;;;
Domanda su: spese acquisto, costi acquisto, imposte acquisto;spese acquisto|costi acquisto|imposte acquisto;"🧾 **Costi per l'acquisto di un immobile**

**Da privato (prima casa):**
• Imposta di registro: 2% del valore catastale
• Imposta ipotecaria: €50
• Imposta catastale: €50

**Da costruttore (con IVA):**
• IVA: 4% prima casa / 10% seconda casa
• Imposta di registro: €200

**Sempre:**
• Notaio: €2.000-€4.000
• Mediazione: da concordare con l'agenzia (in sede)";documenti;;;
Domanda su: omi mobile, quotazioni omi, prezzi omi;omi mobile|quotazioni omi|prezzi omi|omi istat|monitor istat locazioni|banca dati omi;"📊 **OMI e dati ufficiali**

Per orientarsi su prezzi e canoni conviene usare le **quotazioni OMI** dell'Agenzia delle Entrate e incrociarle con i **monitor ISTAT** sulle locazioni, senza improvvisare.";affitto;;;
Domanda su: indagine mutui banca italia, mutui banca d'italia, tassi banca italia mutui;indagine mutui banca italia|mutui banca d'italia|tassi banca italia mutui|andamento mutui italia;"🏦 **Mutui e tassi: lettura prudente**

L'Indagine sui mutui e i aggregati pubblicati da **Banca d'Italia** aiutano a capire il contesto dei tassi; la scelta resta sempre personale e va verificata in banca.";mutui;;;
Domanda su: compravendite veneto, transazioni veneto, cintura padova;compravendite veneto|transazioni veneto|cintura padova|mercato veneto immobiliare;"📈 **Compravendite in Veneto e cintura**

Utile leggere volumi e contesto regionale prima di decidere tempi e prezzo sul singolo immobile.";acquisto;;;
Domanda su: imposta di registro compravendita, imposte registro ipotecaria catastale, tasse registro acquisto;imposta di registro compravendita|imposte registro ipotecaria catastale|tasse registro acquisto;"🧾 **Imposte da privato o costruttore**

Registro, ipotecaria e catastale nella compravendita seguono regole distinte da altre voci (es. plusvalenza venditore). Conviene verificare il proprio caso.";fiscale;;;
Domanda su: fasi vendita immobile, percorso vendita casa, dal prezzo alla proposta;fasi vendita immobile|percorso vendita casa|dal prezzo alla proposta|checklist venditore;"🏠 **Vendere nel Padovano**

Dalla valutazione alla proposta e al rogito: fasi, ruoli e documentazione vanno pianificati per non perdere acquirenti.";documenti;;;
Domanda su: geopolitica immobiliare, tassi bce mercato casa, energia e mutui;geopolitica immobiliare|tassi bce mercato casa|energia e mutui|crisi energetica casa;"🌍 **Contesto macro**

Tassi, energia e fiducia delle famiglie influenzano il mercato: utile inquadrare i rischi senza confonderli con consulenze d'investimento.";mutui;;;
Domanda su: scegliere agenzia immobiliare, checklist agenzia, mandato vendita domande;scegliere agenzia immobiliare|checklist agenzia|mandato vendita domande|come scegliere agenzia padova;"🏢 **Scegliere l'agenzia**

Domande in sede su mandato, marketing, verifiche documentali e tempi: una checklist riduce rischi.";documenti;;;
Domanda su: comprare a limena, limena vicino padova, prima cintura padova comprare;comprare a limena|limena vicino padova|prima cintura padova comprare;"🏡 **Limena e prima cintura**

Spostamenti, servizi e lettura prezzi rispetto al capoluogo: tema frequente per chi valuta fuori mura.";acquisto;;;
Domanda su: documenti mutuo rogito, sequenza mutuo acquisto, tempi mutuo prima casa;documenti mutuo rogito|sequenza mutuo acquisto|tempi mutuo prima casa;"🏦 **Mutuo e tempi di compravendita**

Allineare istruttoria, perizia e documentazione dell'immobile evita ritardi tra preliminare e rogito.";mutui;;;
Domanda su: affitto studenti checklist, cauzione studenti padova, contratto studenti università;affitto studenti checklist|cauzione studenti padova|contratto studenti università;"🎓 **Affitto per studenti**

Contratto, cauzione, zone e obblighi: una checklist aiuta genitori e studenti prima della firma.";affitto;;;
Domanda su: strategie vendere casa, massimizzare prezzo vendita, negoziazione vendita padova;strategie vendere casa|massimizzare prezzo vendita|negoziazione vendita padova;"📈 **Strategia di vendita**

Pricing, valorizzazione, documenti e tempi incidono sul risultato: conviene un approccio strutturato.";documenti;;;
Domanda su: record compravendite, transazioni italia 2026, volumi compravendite;record compravendite|transazioni italia 2026|volumi compravendite;"📊 **Volumi di mercato**

Lettura dei dati sulle compravendite aiuta a capire fase del ciclo e aspettative, sempre con attenzione al locale.";acquisto;;;
Domanda su: prezzi zona per zona, mappa prezzi padova, quartiere più caro padova;prezzi zona per zona|mappa prezzi padova|quartiere più caro padova;"🗺️ **Prezzi per zona**

Confrontare le zone con dati aggiornati riduce errori di prezzo in vendita e in acquisto.";vendita;;;
Domanda su: canoni affitto padova, affitti cari padova, affitto medio padova;canoni affitto padova|affitti cari padova|affitto medio padova;"🏘️ **Canoni e mercato locazioni**

Domanda, offerta e zone trainano i canoni: conviene verificare aggiornamenti periodici.";affitto;;;
Domanda su: cedolare secca affitto breve, cin affitto breve, rendimento airbnb padova;cedolare secca affitto breve|cin affitto breve|rendimento airbnb padova;"🏖️ **Affitto breve**

Regole fiscali, adempimenti e rendimenti vanno valutati caso per caso sul territorio.";fiscale;;;
Domanda su: domanda offerta affitti, poco in affitto padova, carenza alloggi;domanda offerta affitti|poco in affitto padova|carenza alloggi;"📉 **Domanda vs offerta**

Quando l'offerta locativa non segue la domanda, i canoni e i tempi di ricerca cambiano: tema centrale nel Padovano.";affitto;;;
Domanda su: crisi immobiliare padova, compravendite calano, mercato in frenata;crisi immobiliare padova|compravendite calano|mercato in frenata;"⚠️ **Fase di mercato**

Prezzi, volumi e tassi vanno letti insieme: scenari diversi richiedono cautela nelle decisioni.";acquisto;;;
Domanda su: bolla immobiliare, rischio bolla padova, affordability immobiliare;bolla immobiliare|rischio bolla padova|affordability immobiliare;"🎈 **Rischio bolla**

Indicatori e confronti storici aiutano a capire se il mercato è surriscaldato o in equilibrio relativo.";servizi;;;
Domanda su: emergenza abitativa, housing padova, caro affitti politiche;emergenza abitativa|housing padova|caro affitti politiche;"🏚️ **Emergenza abitativa**

Dati, cause e possibili interventi sono dibattito pubblico: utile distinguere notizie da strumenti operativi (contratto, reddito, zona).";affitto;;;
Domanda su: mutui migliori offerte padova, rata mutuo esempio, spread mutuo 2026;mutui migliori offerte padova|rata mutuo esempio|spread mutuo 2026;"🏦 **Mutuo per acquisto**

Confronto tra offerte e simulazioni è il passo pratico dopo la pre-istruttoria: le condizioni variano per profilo.";mutui;;;
Domanda su: case green, epbd, direttiva prestazione energetica;case green|epbd|direttiva prestazione energetica|classe energetica obblighi futuri;"🌿 **Normativa energetica edifici**

La direttiva europea e le recepimenti nazionali possono incidere su obblighi e valorizzazioni: verificare aggiornamenti con un tecnico.";servizi;;;
Domanda su: guida comprare casa padova, passi acquisto casa, prima casa passo dopo passo;guida comprare casa padova|passi acquisto casa|prima casa passo dopo passo;"🏠 **Acquisto nel Padovano**

Dalla ricerca al rogito: passi, costi e errori comuni sono trattati in guida dedicata.";documenti;;;
Domanda su: costi vendere casa, spese vendita venditore, quanto costa vendere;costi vendere casa|spese vendita venditore|quanto costa vendere;"💰 **Costi da venditore**

Oltre al compenso di mediazione (da concordare in sede), ci sono voci tecniche e fiscali da pianificare.";fiscale;;;
Domanda su: bilancio agenzia righetto, risultati agenzia 2025, affitti obiettivi 2026;bilancio agenzia righetto|risultati agenzia 2025|affitti obiettivi 2026;"📋 **Vita d'agenzia**

Servizi, numeri e obiettivi sul segmento locazioni: trasparenza sul lavoro di squadra.";affitto;;;
Domanda su: errori vendere casa, sbagli vendita, prezzo sbagliato vendita;errori vendere casa|sbagli vendita|prezzo sbagliato vendita;"⚠️ **Errori da evitare**

Prezzo, documenti e promozione: alcuni errori pesano molto sul risultato finale.";documenti;;;
Domanda su: quartieri padova dove comprare, miglior quartiere famiglie padova, guida quartieri;quartieri padova dove comprare|miglior quartiere famiglie padova|guida quartieri;"🗺️ **Quartieri**

Servizi, prezzi e stile di vita cambiano per zona: una mappa ragionata aiuta la scelta.";acquisto;;;
Domanda su: affitto stanze studenti, zona universitaria affitto, canone studenti padova;affitto stanze studenti|zona universitaria affitto|canone studenti padova;"🎓 **Studenti**

Zone, tipologie contrattuali e prezzi: mercato dedicato nel capoluogo.";affitto;;;
Domanda su: comprare o affittare, conviene affittare, conviene comprare casa;comprare o affittare|conviene affittare|conviene comprare casa;"⚖️ **Comprare vs affittare**

Orizzonte temporale, costi e mutuo: conviene fare conti su scenari realistici.";mutui;;;
Domanda su: case in vendita padova, prezzo medio mq padova, mercato vendita padova;case in vendita padova|prezzo medio mq padova|mercato vendita padova;"🏘️ **Case in vendita**

Panoramica su prezzi medi, zone e domande frequenti sul mercato padovano.";vendita;;;
Domanda su: bonus prima casa, agevolazioni fiscali acquisto, under 36 prima casa;bonus prima casa|agevolazioni fiscali acquisto|under 36 prima casa;"🎁 **Agevolazioni**

Requisiti e agevolazioni cambiano nel tempo: verificare sempre testi ufficiali e il proprio profilo.";fiscale;;;
Domanda su: rendimento locativo, yield affitto, investimento affitto padova;rendimento locativo|yield affitto|investimento affitto padova;"📈 **Rendimento da locazione**

Calcolo per zone e costi da sottrarre: utile per confrontare con altre asset class.";affitto;;;
Domanda su: contratto affitto canone concordato, cedolare secca 10, contratto 3+2 padova;contratto affitto canone concordato|cedolare secca 10|contratto 3+2 padova;"📄 **Contratto di locazione**

Tipologie e opzioni fiscali vanno scelte in base al caso con assistenza.";fiscale;;;
Domanda su: servizi zona supermercati, infrastrutture quartiere, dove fare spesa padova;servizi zona supermercati|infrastrutture quartiere|dove fare spesa padova;"🛒 **Servizi per zona**

Mappa ragionata su servizi essenziali e infrastrutture per chi sceglie il quartiere.";servizi;;;
Domanda su: scuole padova, asilo quartiere, liceo vicino casa;scuole padova|asilo quartiere|liceo vicino casa;"🎒 **Scuole e istruzione**

Per famiglie: orientamento per zone con riferimento a offerta scolastica.";servizi;;;
Domanda su: tram padova, bus quartiere, mobilità padova;tram padova|bus quartiere|mobilità padova;"🚊 **Trasporti**

Tram, bus e mobilità dolce incidono sulla qualità dello spostamento quotidiano.";servizi;;;
Domanda su: mercato limena omi, comprare casa limena, prezzi limena 2026;mercato limena omi|comprare casa limena|prezzi limena 2026;"🏡 **Limena**

Territorio, OMI e identità del mercato locale in sintesi.";acquisto;;;
Domanda su: sacro cuore padova, zona omi d6, torre pontevigodarzere mercato;sacro cuore padova|zona omi d6|torre pontevigodarzere mercato;"📍 **Sacro Cuore / zona OMI**

Microzona e confronti con quartieri limitrofi.";servizi;;;
Domanda su: centro storico investimento, rendimento centro padova, prezzi centro storico 2026;centro storico investimento|rendimento centro padova|prezzi centro storico 2026;"🏛️ **Centro storico**

Prezzi, rendimenti e lettura per chi compra o investe nel cuore della città.";acquisto;;;
Domanda su: limena o centro padova, meglio limena o padova, confronto limena padova;limena o centro padova|meglio limena o padova|confronto limena padova;"⚖️ **Limena vs centro**

Confronto su prezzi, servizi e stile di vita con dati ragionati.";servizi;;;
Domanda su: ca marcello mestre, marcello mestre, hub mestre turismo;ca marcello mestre|marcello mestre|hub mestre turismo;"🏗️ **Progetto Mestre**

Riqualificazione e contesto urbano nel Veneto orientale.";servizi;;;
Domanda su: caparra confirmatoria, art. 1385, 1385 codice civile;caparra confirmatoria|art. 1385|1385 codice civile|doppia caparra;"💶 **Caparra confirmatoria**

Strumento tipico al compromesso: effetti in caso di inadempimento vanno compresi prima di firmare.";acquisto;;;
Domanda su: domande agenzia, cosa chiedere agenzia, appuntamento agenzia;domande agenzia|cosa chiedere agenzia|appuntamento agenzia|incontro agenzia domande|domande primo appuntamento;"🏢 **Primo appuntamento in agenzia**

Valuta se l'agente è puntuale, chiaro su mandato e marketing, e se sa spiegare verifiche su catasto, condominio e consegna documenti. Un professionista risponde con dati, non con frasi vaghe.

Possiamo fissare un incontro **senza impegno** in Via Roma 96, Limena.";documenti;;;
Domanda su: errori visita, cosa non fare visita, visita immobile errori;errori visita|cosa non fare visita|visita immobile errori|comportamento visita casa;"🚪 **In visita conta il metodo**

Evita trattative premature, domande superficiali, ritardi o ghosting e mandare terzi senza coordinamento. Un acquirente preparato fa buona impressione e protegge la trattativa.

Se cerchi casa, posso anche mostrarti annunci in zona.";servizi;;;
Domanda su: venditore da solo, so tutto io venditore, vendere senza agenzia;venditore da solo|so tutto io venditore|vendere senza agenzia|faccio da me vendita|staging documenti ape;"🏠 **Vendere «da soli» ha un costo nascosto**

Home staging, documenti in ordine, APE credibile e prezzo allineato al mercato non sono optional: sono ciò che separa mesi di attesa da una vendita fluida.

La **valutazione in sede** è gratuita e senza impegno: confrontiamo dati reali, non sensazioni.";documenti;;;
Domanda su: ape acquisto, prestazione energetica acquisto, classe energetica comprare;ape acquisto|prestazione energetica acquisto|classe energetica comprare|verificare ape prima comprare;"⚡ **APE in fase di acquisto**

Prima del compromesso conviene incrociare classe energetica, costi futuri e coerenza tra attestato e stato reale dell'immobile. Non è solo un foglio: orienta budget e negoziazione.

Per una verifica mirata, descrivimi zona e tipologia.";documenti;;;
Domanda su: checklist compromesso, verifiche prima compromesso, cosa controllare preliminare;checklist compromesso|verifiche prima compromesso|cosa controllare preliminare|prima di firmare compromesso;"📋 **Prima del compromesso**

Documenti, impianti, mutuo e conformità vanno incrociati **prima** della firma — non dopo. Una checklist ordinata evita clausole sospensive inutili e ritardi al rogito.

Se hai già un immobile in mente, scrivi *""contattami""* e ti guidiamo passo passo.";mutui;;;
Domanda su: documenti rogito, documenti compravendita, carta per rogito;documenti rogito|documenti compravendita|carta per rogito|cosa serve al rogito;"📁 **Documenti per la compravendita**

Rogito, preliminare e perizia mutuo richiedono un pacchetto coerente: atti, visure, APE, conformità e liberatorie. Meglio prepararli in sequenza che correre a settimana dalla firma.

Nel nostro servizio **preliminari** verifichiamo tutto prima che firmi.";mutui;;;
Domanda su: errori acquisto casa, dieci errori comprare, cosa evitare acquisto;errori acquisto casa|dieci errori comprare|cosa evitare acquisto|acquistare casa errori;"⚠️ **Acquistare senza sorprese**

Prezzo, zona, mutuo, spese accessorie e tempistiche vanno letti insieme — non a pezzi. Gli errori più costosi nascono da fretta o da informazioni incomplete.

Posso orientarti su **costi**, **zone** o **mutuo**: dimmi da dove vuoi partire.";mutui;;;
Domanda su: planimetria catastale, planimetria compravendita, difformità catastale;planimetria catastale|planimetria compravendita|difformità catastale|planimetria non conforme;"📐 **Planimetria e conformità**

In compravendita la planimetria catastale va confrontata con lo stato di fatto. Difformità o abusi non dichiarati possono bloccare mutuo e rogito.

Nei **preliminari** facciamo verifiche edilizie e catastali prima della firma.";mutui;;;
Domanda su: stanza universitaria, affitto studenti padova, canone stanza padova;stanza universitaria|affitto studenti padova|canone stanza padova|locazione studenti;"🎓 **Affitti studenti a Padova**

Zona universitaria, canoni e domanda cambiano rapidamente: conviene confrontare contratto, spese e durata prima di impegnarsi.

Cerchi **in affitto**? Scrivi comune e budget — cerco nel catalogo.";affitto;;;
Domanda su: studentati veneto, posti letto studenti, residenze studenti padova;studentati veneto|posti letto studenti|residenze studenti padova|esu camplus;"🏫 **Studentati e posti letto in Veneto**

Oltre al mercato privato ci sono residenze, bandi e nuovi posti letto: utile capire tempi, requisiti e alternative prima della matricola.

Per affitti in zona universitaria posso cercare annunci aggiornati.";affitto;;;
Domanda su: bce tassi, bce giugno mutui, euribor bce;bce tassi|bce giugno mutui|euribor bce|decisione bce mutui;"🏦 **BCE e mutui**

Le decisioni sulla politica monetaria influenzano Euribor e spread: non sono previsioni, ma contesto da leggere **prima** di bloccare un tasso.

Offriamo **consulenza mutuo gratuita** — scrivi *""mutuo""* o vai al [simulatore rata](landing-mutuo.html).";mutui;;;
Domanda su: tassi mutui minimi, tassi più bassi mutuo, approfittare tassi;tassi mutui minimi|tassi più bassi mutuo|approfittare tassi|mutui convenienti 2026;"📉 **Tassi ai minimi di fase**

Un tasso interessante va incrociato con durata, spread, spese e la tua situazione reddituale — non solo con la rata del primo mese.

Prenota una **consulenza gratuita** o prova il [calcolo rata](landing-mutuo.html).";mutui;;;
Domanda su: mutui selettivi, banche più rigide, mutuo reddito garanzie;mutui selettivi|banche più rigide|mutuo reddito garanzie|banche selettive 2026;"🔍 **Mutui più selettivi**

Le banche valutano reddito, stabilità e garanzie con maggiore attenzione: avere documenti ordinati e un prezzo coerente con la perizia fa la differenza.

Ti mettiamo in contatto con consulenti creditizi partner.";mutui;;;
Domanda su: mutuo prima casa guida, requisiti mutuo prima casa, mutuo giovani padova;mutuo prima casa guida|requisiti mutuo prima casa|mutuo giovani padova;"🏡 **Mutuo prima casa nel Padovano**

Requisiti, documenti, tempi e scelta tra fisso e variabile vanno pianificati **in parallelo** alla ricerca dell'immobile — non dopo l'offerta.

Consulenza **gratuita** in agenzia o via *""contattami""*.";mutui;;;
Domanda su: tempi vendita reali, quanto ci vuole vendere, durata vendita casa padova;tempi vendita reali|quanto ci vuole vendere|durata vendita casa padova;"⏱️ **Tempi di vendita nel Padovano**

Dipendono da prezzo, presentazione, zona e domanda: un immobile ben valorizzato e documentato si muove più in fretta di uno «a sensazione».

Vuoi una **stima**? Indicami comune, mq e tipologia.";documenti;;;
Domanda su: mercato padova 2026, prezzi padova 2026, andamento mercato padova;mercato padova 2026|prezzi padova 2026|andamento mercato padova;"📊 **Mercato residenziale a Padova**

Prezzi, domanda e zone calde vanno letti con dati aggiornati — non con commenti generici. Ogni quartiere ha dinamiche proprie.

Chiedimi **prezzi in zona** o una **stima** del tuo immobile.";vendita;;;
Domanda su: permuta immobiliare, permuta casa, scambio immobile;permuta immobiliare|permuta casa|scambio immobile|vendo e compro permuta;"🔄 **Permuta immobiliare**

Può semplificare il passaggio da una casa all'altra, ma richiede valutazioni allineate, tempi coordinati e chiarezza su delta prezzo e mutui.

Valutiamo insieme fattibilità e strategia — **senza impegno**.";mutui;;;
Domanda su: housing lavoratori, edilcassa housing, casa lavoratori veneto;housing lavoratori|edilcassa housing|casa lavoratori veneto|fondo edilcassa;"🏗️ **Housing per lavoratori in Veneto**

Iniziative e fondi per l'accesso alla casa dei lavoratori sono un tema in evoluzione: utile capire requisiti e differenza rispetto al mercato libero.

Per acquisto o affitto nel Padovano posso orientarti su **zone** e **annunci**.";affitto;;;
Domanda su: vigonza rubano, comprare vigonza, comprare rubano;vigonza rubano|comprare vigonza|comprare rubano|cintura padova vigonza;"🏡 **Vigonza e Rubano**

Prima cintura con buoni collegamenti: servizi, prezzi e tipologie da confrontare con il capoluogo prima di decidere.

Dimmi se cerchi **vendita** o **affitto** e ti mostro il catalogo in zona.";affitto;;;
Domanda su: scegliere immobile giusto, quale casa comprare, immobile adatto a me;scegliere immobile giusto|quale casa comprare|immobile adatto a me|come scegliere casa;"🎯 **Scegliere l'immobile giusto**

Zona, luce, spese, conformità e progetto di vita vanno pesati insieme — non solo il prezzo al mq.

Raccontami esigenze e budget: ti aiuto a restringere **zone** e **tipologie**.";acquisto;;;
Domanda su: domanda case efficienti, case ad alta efficienza, certificazione energetica domanda;domanda case efficienti|case ad alta efficienza|certificazione energetica domanda|immobili classe a;"🌿 **Domanda di case green**

Efficienza energetica e certificazioni influenzano sempre di più scelta e prezzo: utile per chi compra oggi pensando alla rivendita.

Per **APE** e **classe energetica** in acquisto, chiedi pure.";documenti;;;
Domanda su: residenze green tribloc, tribloc padova, residenza studenti green;residenze green tribloc|tribloc padova|residenza studenti green;"🏢 **Residenze green a Padova**

Nuovi progetti NZEB e riuso edilizio cambiano l'offerta, soprattutto vicino all'università: tema da seguire se cerchi locazione o investimento.

Per **affitti studenti** ho guide e annunci in zona.";affitto;;;
Domanda su: affitti fimaa, canoni fimaa padova, affitti q1 2026;affitti fimaa|canoni fimaa padova|affitti q1 2026|canoni mercato padova;"📈 **Canoni affitto nel Padovano**

FIMAA e osservatori locali aiutano a inquadrare canoni e domanda — utili sia per chi affitta sia per chi mette a reddito.

Proprietario? Valutiamo **canone** e **inquilino** senza impegno.";affitto;;;
Domanda su: compravendite q1, transazioni immobiliari italia, dati agenzia entrate compravendite;compravendite q1|transazioni immobiliari italia|dati agenzia entrate compravendite;"📊 **Compravendite e volumi**

I dati ufficiali sulle transazioni danno contesto al singolo acquisto o vendita — non sostituiscono la valutazione del tuo immobile.

Vuoi capire **prezzo di mercato** nella tua zona? Chiedi una **stima**.";vendita;;;
Domanda su: imposte rogito prima casa, quattro imposte rogito, iva registro prima casa;imposte rogito prima casa|quattro imposte rogito|iva registro prima casa;"🧾 **Imposte al rogito prima casa**

IVA, registro, ipotecaria e catastale seguono regole diverse se compri da privato o da costruttore: conviene simulare **prima** del compromesso.

Per **spese acquisto** chiedi pure — ti faccio un quadro sintetico.";documenti;;;
Domanda su: bonus mobili, detrazione mobili ristrutturazione, elettrodomestici bonus 2026;bonus mobili|detrazione mobili ristrutturazione|elettrodomestici bonus 2026;"🛋️ **Bonus mobili 2026**

Dopo una ristrutturazione, mobili ed elettrodomestici possono rientrare in agevolazioni se rispetti tempi e documentazione: utile pianificarli con il cantiere.

Per **bonus edilizi** e **ristrutturazione** ho guide sul blog.";fiscale;;;
Domanda su: condono edilizio, condono 2026, sanatoria edilizia manovra;condono edilizio|condono 2026|sanatoria edilizia manovra;"🏗️ **Condono e regolarizzazioni**

Le proposte normative cambiano spesso: prima di comprare o vendere, verifica conformità e eventuali sanatorie sull'immobile.

Nei **preliminari** controlliamo regolarità edilizia e catastale.";documenti;;;
Domanda su: spese casa dopo acquisto, costi possesso casa, gestione spese immobile;spese casa dopo acquisto|costi possesso casa|gestione spese immobile;"💡 **Dopo l'acquisto**

Energia, IMU, condominio e manutenzione incidono sul budget mensile: vanno stimati **insieme** alla rata mutuo.

Per **IMU** e **costi acquisto** posso darti orientamento; per cifre precise serve il tuo caso.";mutui;;;
Domanda su: agenzia top servizi, migliore agenzia padova, servizi agenzia immobiliare;agenzia top servizi|migliore agenzia padova|servizi agenzia immobiliare;"⭐ **Cosa distingue un'agenzia seria**

Marketing strutturato, verifiche documentali, assistenza al rogito e presenza territoriale — non solo l'annuncio online.

Dal **2000** seguiamo vendita e locazione su **101 comuni** con **127 recensioni** a 4,9/5.";documenti;;;
Domanda su: storia righetto, chi è righetto, righetto dal 2000;storia righetto|chi è righetto|righetto dal 2000|acquisizioni righetto;"🏠 **Righetto Immobiliare**

Dal **2000** operiamo nel Padovano con **350+ immobili** gestiti e copertura su **101 comuni**. Conosciamo il territorio perché ci viviamo ogni giorno.

Vuoi **vendere**, **comprare** o **affittare**? Sono qui per orientarti.";affitto;;;
Domanda su: bonus edilizi, ecobonus 2026, detrazioni ristrutturazione;bonus edilizi|ecobonus 2026|detrazioni ristrutturazione|incentivi edilizia;"🔧 **Bonus edilizi 2026**

Detrazioni e ecobonus per ristrutturazioni vanno pianificati con tempi, documenti e coerenza catastale — non a cantiere avviato.

Per **bonus mobili** e **APE** dopo i lavori, chiedi pure.";documenti;;;
Domanda su: costi proprietà immobile, costi acquisto possesso vendita, breakdown costi casa;costi proprietà immobile|costi acquisto possesso vendita|breakdown costi casa;"💶 **Costi della proprietà**

Acquisto, possesso e vendita hanno voci diverse: imposte, notaio, condominio, energia e mediazione vanno letti nel ciclo completo.

Per **spese acquisto** o **tasse vendita** ti oriento subito.";fiscale;;;
Domanda su: nuove costruzioni veneto, cantieri veneto 2026, offerta nuova costruzione;nuove costruzioni veneto|cantieri veneto 2026|offerta nuova costruzione;"🏗️ **Nuove costruzioni in Veneto**

L'offerta di nuovo segue dinamiche proprie rispetto al usato: prezzi, consegne e garanzie vanno confrontati con attenzione.

Cerchi **nuova costruzione**? Indica comune e budget.";servizi;;;
Domanda su: casa vendibile futuro, rivendere tra 5 anni, immobile vendibile 2030;casa vendibile futuro|rivendere tra 5 anni|immobile vendibile 2030;"🔮 **Vendibilità nel medio termine**

Classe energetica, posizione e spese condominiali pesano sulla rivendita: utili da valutare **prima** di comprare.

Per **APE** e **zone** con domanda stabile, chiedi pure.";documenti;;;
Domanda su: vicenza residenze universitarie, affitti calmierati vicenza, pnrr studenti vicenza;vicenza residenze universitarie|affitti calmierati vicenza|pnrr studenti vicenza;"🎓 **Residenze universitarie a Vicenza**

Bandi, canoni calmierati e nuovi posti letto convivono con il mercato privato: utile confrontare tempi e requisiti.

Per **Padova** ho guide su stanze e studentati in Veneto.";affitto;;;
Domanda su: piano casa decreto, dl 66 piano casa, decreto 66 abitare;piano casa decreto|dl 66 piano casa|decreto 66 abitare;"📜 **Piano Casa DL 66/2026**

Le misure sull'accesso alla casa vanno lette nel contesto locale — non come promessa automatica di sconti su ogni acquisto.

Per **prima casa** e **agevolazioni** ho guide aggiornate.";fiscale;;;
Domanda su: impegno agenzia quotidiano, cosa fa agenzia immobiliare, lavoro agente immobiliare;impegno agenzia quotidiano|cosa fa agenzia immobiliare|lavoro agente immobiliare;"💼 **Il lavoro quotidiano in agenzia**

Tra visite, verifiche, mutui e rogiti c'è molta burocrazia coordinata: un buon agente la gestisce per te, non la scarica su di te.

Vuoi capire il **nostro metodo**? Passa in sede o scrivi *""contattami""*.";mutui;;;
Domanda su: appartamento limena nuova costruzione, nuova costruzione limena, classe a4 limena;appartamento limena nuova costruzione|nuova costruzione limena|classe a4 limena;"🏗️ **Nuova costruzione a Limena**

Classe energetica, planimetrie e consegna vanno verificati come in qualsiasi compravendita — con attenzione a garanzie e finiture.

Cerchi **nuovo** in prima cintura? Indica budget e metratura.";documenti;;;
Domanda su: barometro mutui crif, crif mutui 2026, domanda mutui crif;barometro mutui crif|crif mutui 2026|domanda mutui crif;"📊 **Barometro mutui CRIF**

Volumi e importi medi aiutano a capire quanto è «caldo» il mercato creditizio — non sostituiscono la pre-approvazione in banca.

Per una **simulazione personalizzata**: [landing mutuo](landing-mutuo.html).";mutui;;;
Domanda su: case più vendute padova, tipologie più vendute, metrature più richieste padova;case più vendute padova|tipologie più vendute|metrature più richieste padova;"🏠 **Tipologie più vendute a Padova**

Bilocali, trilocali e metrature medie cambiano per zona: utile per chi compra e per chi deve **prezzare** correttamente.

Chiedi una **stima** nella tua zona.";vendita;;;
Domanda su: costi costruzione istat, indice costi costruzione, prezzi costruire casa istat;costi costruzione istat|indice costi costruzione|prezzi costruire casa istat;"📐 **Costi di costruzione (ISTAT)**

L'indice ISTAT misura l'andamento dei costi edilizi: rilevante per chi valuta **nuovo** vs **usato** o ristrutturazione.

Per **costi totali** acquisto–possesso–vendita chiedi pure.";vendita;;;
Domanda su: dazi usa ue, dazi trump mercato casa, tariffe usa immobiliare;dazi usa ue|dazi trump mercato casa|tariffe usa immobiliare;"🌍 **Dazi USA-UE e mercato locale**

Le tensioni commerciali globali possono influenzare fiducia e settori collegati all'abitare — da leggere come contesto, non come previsione sul singolo annuncio.

Per **prezzi in zona** usa la stima o chiedi un agente.";vendita;;;
Domanda su: eurocamera dazi, accordo dazi strasburgo, dazi sunset clause;eurocamera dazi|accordo dazi strasburgo|dazi sunset clause;"🇪🇺 **Eurocamera e accordi commerciali**

Compromessi e clausole temporanee sui dazi impattano soprattutto su export e fiducia macro — tema da inquadrare senza allarmismi sulla singola compravendita.

Per decisioni **casa** nel Padovano restiamo su dati locali e mutuo.";mutui;;;
Domanda su: ucraina mutui italia, guerra ucraina prezzi casa, energia mutui veneto;ucraina mutui italia|guerra ucraina prezzi casa|energia mutui veneto;"⚡ **Geopolitica, energia e mutui**

Shock energetici e tensioni internazionali possono muovere tassi e costi di gestione — utili per **contestualizzare**, non per panico.

Per **mutuo** e **spese casa** ho guide aggiornate.";mutui;;;
Domanda su: mercato piazzola sul brenta, comprare piazzola brenta, prezzi piazzola;mercato piazzola sul brenta|comprare piazzola brenta|prezzi piazzola;"📍 **Piazzola sul Brenta**

Comune della cintura con dinamiche proprie rispetto a Padova: servizi, collegamenti e prezzi al mq vanno letti sul campo.

Cerchi **vendita** o **affitto** lì? Cerco nel catalogo.";affitto;;;
Domanda su: medio oriente mercato immobiliare, tensioni israele mercato casa, conflitti e immobiliare;medio oriente mercato immobiliare|tensioni israele mercato casa|conflitti e immobiliare;"🌐 **Tensioni geopolitiche e mercato**

I canali finanziari reagiscono agli shock globali; il mercato **residenziale locale** segue anche domanda, mutui e offerta sul territorio.

Per **Padova** e provincia ho analisi dedicate sul blog.";mutui;;;
Domanda su: stock case vendita italia, offerta case in vendita, annunci in calo;stock case vendita italia|offerta case in vendita|annunci in calo;"📉 **Stock di case in vendita**

Il numero di annunci attivi indica quanto è «teso» il mercato: meno stock può significare meno scelta, non automaticamente prezzi più bassi.

Cerchi **annunci**? Scrivi zona e tipologia.";vendita;;;
Domanda su: patrimonio casa resilienza, casa investimento sicuro, resilienza urbana immobili;patrimonio casa resilienza|casa investimento sicuro|resilienza urbana immobili;"🏙️ **Patrimonio casa e resilienza**

Servizi, energia e qualità urbana contano nel lungo periodo — oltre al prezzo d'acquisto.

Per **scegliere zona** e **immobile** nel Padovano ho guide pratiche.";acquisto;;;
Domanda su: previsioni immobiliari 2026, scenari conflitto immobiliare, previsioni casa italia;previsioni immobiliari 2026|scenari conflitto immobiliare|previsioni casa italia;"🔭 **Previsioni e scenari**

Le proiezioni di mercato vanno usate come bussola, non come promessa: la decisione resta su budget, zona e mutuo.

Per **dati locali** chiedi prezzi in zona o una **stima**.";mutui;;;
Domanda su: prezzi padova fiaip, fiaip padova 2026, prezzi città provincia padova;prezzi padova fiaip|fiaip padova 2026|prezzi città provincia padova;"📊 **Prezzi Padova città e provincia**

Osservatori come FIMAP/FIAIP aiutano a confrontare capoluogo e provincia — utile prima di fissare budget o prezzo di vendita.

Vuoi una **stima** sul tuo immobile? Descrivimelo.";vendita;;;
Domanda su: prospettive mercato residenziale, ricerche mercato casa italia, outlook immobiliare;prospettive mercato residenziale|ricerche mercato casa italia|outlook immobiliare;"📈 **Prospettive mercato residenziale**

Report nazionali danno il quadro d'insieme; il prezzo del singolo annuncio dipende da stato, posizione e presentazione.

Per **mercato Padova** chiedi pure o leggi la guida 2026.";servizi;;;
Domanda su: sondaggio banca italia abitativo, ltv banca italia, sondaggio mutui q1;sondaggio banca italia abitativo|ltv banca italia|sondaggio mutui q1;"🏦 **Sondaggio abitativo Banca d'Italia**

LTV e propensione al mutuo descrivono il comportamento delle famiglie — contesto utile in fase di acquisto.

Per **pratica mutuo** ti mettiamo con i consulenti partner.";mutui;;;
Domanda su: investimenti immobiliari summit, real estate summit 2026, trend investimento immobiliare;investimenti immobiliari summit|real estate summit 2026|trend investimento immobiliare;"🏛️ **Investimenti immobiliari 2026**

Summit e report settoriali segnalano dove si muove il capitale istituzionale — tema distinto dalla compravendita **prima casa**.

Per **rendimento locativo** a Padova ho guide dedicate.";vendita;;;
Domanda su: acquisizioni commerciali padova, ultimi negozi venduti padova, portale righetto commerciali;acquisizioni commerciali padova|ultimi negozi venduti padova|portale righetto commerciali;"🏢 **Acquisizioni commerciali recenti**

Negozi e uffici sul portale mostrano dinamica e zone attive — utile per imprenditori e investitori.

Cerchi **commerciale** in vendita o affitto? Scrivi zona.";affitto;;;
Domanda su: acquisizioni residenziali padova, ultime case vendute righetto, novità portale righetto;acquisizioni residenziali padova|ultime case vendute righetto|novità portale righetto;"🏡 **Nuove acquisizioni residenziali**

Le ultime entrate sul portale Righetto mostrano tipologie e zone richieste oggi nel Padovano.

Vuoi **cercare** o **vendere**? Ti aiuto subito.";vendita;;;
Domanda su: blog righetto, articoli blog, leggere articolo;blog righetto|articoli blog|leggere articolo|approfondimento blog|guide immobiliari;"📚 **Blog Righetto Immobiliare**

Oltre **100 guide** su acquisto, vendita, affitti, mutui, fisco e mercato locale — aggiornate al 2026.

Dimmi l'argomento (es. *mutuo*, *visita*, *APE*) e ti indirizzo al pezzo giusto.";mutui;;;
Domanda su: mutuo, finanziamento, banca;mutuo|finanziamento|banca|prestito|rate;"🏦 **Consulenza Mutuo**

Offriamo consulenza gratuita per il mutuo:
• Analisi della tua situazione finanziaria
• Confronto offerte da 10+ banche
• Supporto pratiche notarili

Contattaci per un appuntamento!";mutui;;;
Domanda su: tasso, fisso, variabile;tasso|fisso|variabile|spread|euribor;"📊 **Tasso fisso o variabile?**

**Tasso fisso:** rata costante per tutta la durata del mutuo. Ideale per chi vuole sicurezza e stabilità. Attualmente intorno al 2,5-3,5%.

**Tasso variabile:** segue l'andamento dell'Euribor. Rata iniziale più bassa ma può crescere. Adatto a chi ha margine di flessibilità.

Possiamo metterti in contatto con i nostri consulenti creditizi.";mutui;;;
Domanda su: requisiti mutuo, ottenere mutuo, quanto posso chiedere;requisiti mutuo|ottenere mutuo|quanto posso chiedere|rata massima;"📋 **Requisiti per ottenere un mutuo**

• La rata non deve superare il **30-35% del reddito** netto mensile
• Contratto di lavoro indeterminato (o almeno 2 anni di P.IVA)
• Nessuna segnalazione CRIF/Centrale Rischi
• Anticipo minimo: **20%** del valore immobile

Le banche finanziano generalmente fino all'80% del valore di perizia.";mutui;;;
Domanda su: surroga, sostituzione mutuo, portabilità;surroga|sostituzione mutuo|portabilità;"🔄 **Surroga del mutuo**

La surroga (o portabilità) permette di trasferire il mutuo a un'altra banca con condizioni migliori, **senza costi** per il mutuatario. È un diritto previsto dalla Legge Bersani. Conviene quando i tassi di mercato sono più bassi rispetto a quelli del tuo mutuo attuale.";mutui;;;
Domanda su: rata mutuo, calcolo rata, quanto costa rata;rata mutuo|calcolo rata|quanto costa rata|simulazione rata;"🧮 **Calcolo rata mutuo**

La rata dipende da importo, durata, tasso e spread. Regola pratica: non superare il **30–35%** del reddito netto mensile.

Prova il [simulatore rata](landing-mutuo.html) o scrivi *""contattami""* per consulenza gratuita.";mutui;;;
Domanda su: quanto mutuo, importo mutuo, quanto posso mutuare;quanto mutuo|importo mutuo|quanto posso mutuare|massimo finanziabile;"📊 **Quanto mutuo posso ottenere?**

Le banche finanziano in genere fino all'**80%** del valore di perizia, con anticipo minimo del 20%. Reddito stabile e assenza di segnalazioni CRIF sono fondamentali.

Per una simulazione personalizzata: consulenza **gratuita** in agenzia.";mutui;;;
Domanda su: mutuo 100 percento, mutuo senza anticipo, mutuo cento per cento;mutuo 100 percento|mutuo senza anticipo|mutuo cento per cento;"🏦 **Mutuo al 100%**

È raro e richiede garanzie aggiuntive (es. **Consap** per prima casa) o valutazioni dedicate. Conviene verificare **prima** di fare un'offerta vincolante.

Ti aiutiamo con simulazione ex-ante con i consulenti partner.";mutui;;;
Domanda su: documenti mutuo, carta per mutuo, pratica mutuo documenti;documenti mutuo|carta per mutuo|pratica mutuo documenti;"📋 **Documenti per il mutuo**

Reddito, identità, situazione debitoria e dati dell'immobile vanno preparati in anticipo per non perdere tempo dopo il compromesso.

Guida completa sul blog; in agenzia ti diciamo cosa serve **nel tuo caso**.";mutui;;;
Domanda su: tasso cap, mutuo cap, tetto tasso variabile;tasso cap|mutuo cap|tetto tasso variabile;"📈 **Mutuo variabile con CAP**

Il CAP limita la salita del tasso variabile oltre una soglia pattuita: più tranquillità, ma spread e condizioni vanno confrontati con il fisso.

Consulenza **gratuita** per capire cosa conviene oggi.";mutui;;;
Domanda su: consap, garanzia prima casa, fondo garanzia consap;consap|garanzia prima casa|fondo garanzia consap;"🛡️ **Fondo Garanzia Prima Casa (Consap)**

Consente in alcuni casi di coprire la parte non finanziata dalla banca, agevolando mutui con anticipo ridotto per giovani e prima casa.

Verifichiamo requisiti e fattibilità con i consulenti creditizi.";mutui;;;
Domanda su: partita iva mutuo, autonomo mutuo, libero professionista mutuo;partita iva mutuo|autonomo mutuo|libero professionista mutuo;"💼 **Mutuo per P.IVA e autonomi**

Servono in genere almeno **2 anni** di attività documentata, dichiarazioni dei redditi e continuità dei ricavi. Ogni banca ha criteri propri.

Ti mettiamo in contatto con consulenti specializzati.";mutui;;;
Domanda su: estinzione anticipata, chiudere mutuo prima, estinguere mutuo;estinzione anticipata|chiudere mutuo prima|estinguere mutuo;"✂️ **Estinzione anticipata**

Puoi estinguere il mutuo prima della scadenza; le penali dipendono dal contratto e dal tipo di tasso. Conviene fare i conti con la banca.

Per **surroga** o rinegoziazione chiedi pure.";mutui;;;
Domanda su: tan, taeg, differenza tan taeg;tan|taeg|differenza tan taeg;"📐 **TAN e TAEG**

**TAN:** tasso puro del prestito.
**TAEG:** costo totale annuo (tasso + spese + assicurazioni).

Per confrontare offerte guarda sempre il **TAEG**, non solo la rata iniziale.";servizi;;;
Domanda su: tempo mutuo, quanto tempo mutuo, tempi erogazione mutuo;tempo mutuo|quanto tempo mutuo|tempi erogazione mutuo|durata pratica mutuo;"⏱️ **Tempi per il mutuo**

Dalla pre-approvazione all'erogazione passano in genere **4–8 settimane**, se documenti e perizia sono in ordine. Il compromesso va coordinato con la banca.

Ti assistiamo su sequenza mutuo–acquisto–rogito.";mutui;;;
Domanda su: affittare, affitto, mettere in affitto;affittare|affitto|mettere in affitto|locazione;"🔑 **Affittare il tuo immobile**

Gestiamo:
• Selezione inquilini (referenze, busta paga)
• Contratti di locazione (4+4, transitorio, studenti)
• Deposito cauzionale
• Assistenza post-affitto

📞 Chiamaci per un incontro gratuito!";affitto;;;
Domanda su: contratto affitto, tipo contratto, 4+4;contratto affitto|tipo contratto|4+4|3+2|transitorio|cedolare;"📄 **Tipologie di contratto di locazione**

• **4+4 (libero):** canone concordato liberamente, durata 4 anni rinnovabili
• **3+2 (concordato):** canone calmierato, vantaggi fiscali per entrambi
• **Transitorio:** da 1 a 18 mesi, per esigenze temporanee documentate
• **Studenti:** da 6 a 36 mesi, per universitari

**Cedolare secca:** tassazione sostitutiva al 21% (10% per concordati) — niente IRPEF né imposta di registro.";fiscale;;;
Domanda su: sfratto, morosità, inquilino moroso;sfratto|morosità|inquilino moroso|non paga;"⚠️ **Sfratto per morosità**

Se l'inquilino non paga, il procedimento prevede:
1. Intimazione di sfratto tramite ufficiale giudiziario
2. Udienza di convalida (il giudice può concedere termine di grazia di 90 giorni)
3. Esecuzione forzata

I tempi medi in Veneto sono di 6-12 mesi. Noi selezioniamo accuratamente gli inquilini per prevenire queste situazioni.";affitto;;;
Domanda su: cauzione, deposito cauzionale, deposito affitto;cauzione|deposito cauzionale|deposito affitto;"💵 **Deposito cauzionale**

Il deposito cauzionale (cauzione) è generalmente pari a **2-3 mensilità** di canone. Viene restituito alla fine del contratto, al netto di eventuali danni. Il proprietario è tenuto a corrispondere gli interessi legali maturati. Noi gestiamo tutta la documentazione.";documenti;;;
Domanda su: imu, tasi, tassa casa;imu|tasi|tassa casa|imposta casa;"🏛️ **IMU — Imposta Municipale Unica**

• **Prima casa:** ESENTE (tranne categorie A1, A8, A9)
• **Seconda casa:** aliquota base 0,86% (variabile per comune)
• **Terreni:** soggetti a IMU salvo esenzioni agricoltura

Il pagamento avviene in 2 rate: acconto (16 giugno) e saldo (16 dicembre). Possiamo aiutarti a calcolare l'importo esatto.";fiscale;;;
Domanda su: plusvalenza, tassa vendita, guadagno vendita;plusvalenza|tassa vendita|guadagno vendita;"💰 **Plusvalenza sulla vendita**

Se vendi un immobile **entro 5 anni** dall'acquisto e realizzi un guadagno, devi pagare la tassa sulla plusvalenza. Puoi scegliere:
• Tassazione IRPEF ordinaria
• Imposta sostitutiva del **26%**

**Esenzione:** se l'immobile è stato adibito a prima casa per la maggior parte del periodo.";fiscale;;;
Domanda su: spese detraibili, detrazioni, detrazione fiscale;spese detraibili|detrazioni|detrazione fiscale|730;"📊 **Detrazioni fiscali legate alla casa**

• **Interessi mutuo prima casa:** detrazione 19% fino a €4.000/anno
• **Spese notarili mutuo:** detraibili al 19%
• **Canone affitto:** detrazione per inquilini a basso reddito
• **Ristrutturazione:** detrazione 50% fino a €96.000
• **Efficientamento energetico:** detrazione 50-65%
• **Bonus mobili:** detrazione 50% fino a €5.000";mutui;;;
Domanda su: documenti, ape, certificato;documenti|ape|certificato|pratiche|catasto;"📋 **Documenti per la vendita**

Serviranno:
• APE (Attestato Prestazione Energetica)
• Planimetria catastale aggiornata
• Atto di provenienza
• Visura catastale
• Certificato di abitabilità/agibilità
• Conformità urbanistica
• Conformità impianti

Non preoccuparti — ti aiutiamo a raccogliere tutto!";documenti;;;
Domanda su: classe energetica, energetica, attestato energetico;classe energetica|energetica|attestato energetico|consumo;"⚡ **APE — Attestato di Prestazione Energetica**

L'APE è obbligatorio per vendere o affittare. Classifica l'immobile da **A4** (migliore) a **G** (peggiore). Ha validità di **10 anni**.

Costo medio: €150-€300. Deve essere redatto da un tecnico abilitato. Noi ci occupiamo di organizzare tutto.";documenti;;;
Domanda su: visura, ipoteca, ipoteche;visura|ipoteca|ipoteche|gravami;"🔍 **Visure e controlli ipotecari**

Prima di ogni compravendita verifichiamo:
• **Visura catastale:** dati catastali e proprietà
• **Visura ipotecaria:** ipoteche, pignoramenti, gravami
• **Conformità urbanistica:** regolarità edilizia
• **Certificato stato civile:** per verifiche successorie

Tutti i controlli sono inclusi nel nostro servizio.";documenti;;;
Domanda su: ristrutturazione, ristrutturare, lavori;ristrutturazione|ristrutturare|lavori|bonus ristrutturazione;"🔨 **Bonus ristrutturazione 2025-2026**

• **Detrazione 50%** per prima casa (36% per altri immobili) su spese fino a €96.000
• Ripartita in **10 rate annuali**
• Include: manutenzione straordinaria, restauro, risanamento conservativo, ristrutturazione edilizia

Possiamo consigliarti imprese edili di fiducia nella zona di Padova.";servizi;;;
Domanda su: ecobonus, risparmio energetico, cappotto;ecobonus|risparmio energetico|cappotto|caldaia|pompa di calore;"🌱 **Ecobonus — Risparmio energetico**

• **Detrazione 50-65%** per interventi di efficientamento:
  - Cappotto termico
  - Sostituzione caldaia con condensazione
  - Pompa di calore
  - Infissi e serramenti
  - Pannelli solari termici

Gli interventi aumentano la classe energetica e il valore dell'immobile!";servizi;;;
Domanda su: arredamento, elettrodomestici classe a, detrazione arredamento;arredamento|elettrodomestici classe a|detrazione arredamento;"🛋️ **Bonus Mobili 2025-2026**

Detrazione **50%** per l'acquisto di mobili e grandi elettrodomestici (classe A+) destinati a immobili in ristrutturazione.

• Spesa massima: **€5.000**
• Ripartita in **10 rate annuali**
• Requisito: aver avviato una ristrutturazione";acquisto;;;
Domanda su: condominio, spese condominiali, amministratore;condominio|spese condominiali|amministratore|assemblea;"🏢 **Spese condominiali**

Le spese condominiali includono:
• Pulizia e manutenzione parti comuni
• Ascensore
• Riscaldamento centralizzato (se presente)
• Assicurazione fabbricato
• Fondo cassa

In vendita, le spese condominiali arretrate restano a carico del venditore. Verifichiamo sempre la situazione condominiale prima del rogito.";documenti;;;
Domanda su: tabelle millesimali, millesimi, ripartizione spese;tabelle millesimali|millesimi|ripartizione spese;"📊 **Tabelle millesimali**

I millesimi determinano la quota di partecipazione di ogni unità alle spese comuni e al diritto di voto in assemblea. Vengono calcolati in base a superficie, piano, esposizione e luminosità. La modifica richiede l'unanimità o una sentenza del tribunale.";servizi;;;
Domanda su: investimento, investire, rendimento;investimento|investire|rendimento|rendita|reddito;"📈 **Investire in immobili a Padova**

I rendimenti medi lordi a Padova:
• **Appartamenti centro:** 4-5% annuo
• **Bilocali zona università:** 6-7% annuo
• **Locali commerciali:** 6-8% annuo
• **Box/garage:** 5-7% annuo

Padova è una piazza universitaria molto dinamica con forte domanda di affitti. Contattateci per un'analisi personalizzata.";affitto;;;
Domanda su: affitto breve, airbnb, turistico;affitto breve|airbnb|turistico|b&b;"🏖️ **Affitti brevi e turistici**

Gli affitti brevi (< 30 giorni) sono soggetti a:
• **Cedolare secca 21%** sui redditi
• Obbligo di comunicazione alla Questura entro 24h
• CIR (Codice Identificativo Regionale) obbligatorio
• Eventuale imposta di soggiorno comunale

Abano Terme e i Colli Euganei offrono ottimi rendimenti turistici.";fiscale;;;
Domanda su: asta, aste, giudiziaria;asta|aste|giudiziaria|tribunale|aggiudicazione;"⚖️ **Aste giudiziarie immobiliari**

Offriamo assistenza completa:
• Analisi dell'immobile e della perizia CTU
• Verifica ipotecaria e situazione debitoria
• Sopralluogo e valutazione
• Preparazione offerta e partecipazione
• Tutela legale fino al decreto di trasferimento

Spesso è possibile acquistare al **20-40% sotto il valore** di mercato!";vendita;;;
Domanda su: terreno, agricolo, edificabile;terreno|agricolo|edificabile|lotto|costruire;"🌾 **Terreni a Padova e provincia**

**Terreni edificabili:**
• Prezzo medio provincia: €250-650/mq
• Verifiche: PRG/PAT comunale, indice di edificabilità, urbanizzazione

**Terreni agricoli:**
• Prezzo medio: €2-9/mq (zona dipendente)
• Diritto di prelazione per coltivatori diretti

Gestiamo terreni in tutto il Basso Padovano e Colli Euganei.";servizi;;;
Domanda su: virtual tour, 360, tour virtuale;virtual tour|360|tour virtuale|visita virtuale;"🎥 **Virtual Tour 360°**

Realizziamo tour virtuali interattivi con:
• Fotocamere professionali 360°
• Navigazione fluida stanza per stanza
• Pubblicazione su sito, YouTube e portali
• Compatibile smartphone, tablet, PC e visori VR

Gli immobili con virtual tour ricevono il **40% di contatti in più** e visite più qualificate!";azienda;;;
Domanda su: conformità, abuso, abusivismo;conformità|abuso|abusivismo|sanatoria|condono;"🏗️ **Conformità urbanistica e catastale**

Prima della vendita è necessario verificare che:
• Lo stato di fatto corrisponda alle planimetrie catastali
• Non ci siano abusi edilizi
• Eventuali difformità siano sanabili

In caso di abusi, è possibile presentare una **CILA in sanatoria** (costo medio €1.000-€3.000). Noi vi mettiamo in contatto con tecnici di fiducia.";documenti;;;
Domanda su: successione, eredità, eredi;successione|eredità|eredi|defunto|ereditare;"⚖️ **Successione immobiliare**

In caso di eredità:
• Dichiarazione di successione entro **12 mesi** dal decesso
• Imposta di successione: 4% (coniuge/figli, franchigia €1M), 6% (fratelli, franchigia €100K), 8% (altri)
• Voltura catastale obbligatoria
• Se più eredi: possibilità di vendita con accordo unanime o divisione giudiziale

Vi assistiamo anche nella vendita di immobili ereditati.";documenti;;;
Domanda su: donazione, donare, regalare casa;donazione|donare|regalare casa;"🎁 **Donazione di immobile**

La donazione richiede atto notarile. Attenzione: un immobile donato può avere **problemi di commerciabilità** perché gli eredi legittimari possono impugnare la donazione entro 20 anni. Molte banche non concedono mutui su immobili donati. Consigliamo sempre di valutare attentamente con un notaio.";mutui;;;
Domanda su: perizia, perito, perizia bancaria;perizia|perito|perizia bancaria;"🔍 **Perizia bancaria**

La perizia è richiesta dalla banca per concedere il mutuo. Un perito valuta l'immobile e certifica il valore. Il costo è generalmente di **€250-€400** a carico dell'acquirente. Se il valore di perizia è inferiore al prezzo, la banca riduce l'importo finanziabile.";mutui;;;
Domanda su: casa nuova, costruttore, cantiere;casa nuova|costruttore|cantiere|nuova costruzione;"🏗️ **Acquisto da costruttore**

**Vantaggi:**
• Immobile personalizzabile
• Classe energetica A o superiore
• Garanzia decennale
• IVA 4% prima casa

**Attenzione a:**
• Fideiussione obbligatoria sugli acconti versati
• Polizza assicurativa decennale postuma
• Verificare il capitolato lavori";acquisto;;;
Domanda su: nuda proprietà, usufrutto, diritto abitazione;nuda proprietà|usufrutto|diritto abitazione;"👴 **Nuda proprietà e usufrutto**

La nuda proprietà è la proprietà senza il diritto di godimento (che resta all'usufruttuario). Vantaggi per chi compra:
• Prezzo ridotto del **25-50%** rispetto al valore pieno
• Investimento a lungo termine
• IMU a carico dell'usufruttuario

È una formula molto usata per investimento.";fiscale;;;
Domanda su: garage, box, posto auto;garage|box|posto auto|parcheggio;"🚗 **Box e posti auto a Padova**

I prezzi medi:
• **Box singolo centro:** €25.000-€45.000
• **Box doppio:** €35.000-€60.000
• **Posto auto coperto:** €15.000-€25.000
• **Posto auto scoperto:** €8.000-€15.000

Se acquistato come pertinenza della prima casa, gode delle stesse agevolazioni fiscali.";fiscale;;;
Domanda su: zona, quartiere, migliore;zona|quartiere|migliore|vivere|consiglio zona;"📍 **Zone di Padova — Dove conviene acquistare?**

🏆 **Top prezzo/qualità:**
• Selvazzano, Rubano, Albignasego — ottimi servizi, prezzi accessibili
• Abano/Montegrotto — termalismo e qualità della vita

🎓 **Per investimento affitto studenti:**
• Arcella, Portello, zona Stazione

💎 **Premium:**
• Centro Storico, Prato della Valle, Savonarola

Contattaci per una consulenza personalizzata sulla zona ideale per te!";affitto;;;
Domanda su: mercato, andamento, prezzi;mercato|andamento|prezzi|trend|crescita;"📊 **Mercato immobiliare Padova 2025-2026**

• Prezzi medi in **leggera crescita** (+2-3% annuo)
• Forte domanda zona universitaria e prima cintura
• Cittadella: mercato molto dinamico (~3.200 €/mq)
• Centro storico stabile sui 3.500 €/mq
• Colli Euganei: crescita per il turismo

Usa la nostra **stima online** per conoscere il valore nella tua zona!";vendita;;;
Domanda su: linda, chi sei, assistente;linda|chi sei|assistente|bot|intelligenza artificiale;"👋 Ciao! Sono **Linda**, l'assistente virtuale di Righetto Immobiliare. Sono disponibile **24/7** per rispondere alle tue domande su immobili, prezzi, servizi e procedure. Posso anche fornirti **stime di mercato** per tutti i 101 comuni della provincia di Padova!

Se hai bisogno di parlare con un agente, scrivi *""contattami""* e ti richiamiamo noi.";azienda;;;
Domanda su: valutazione gratuita, senza impegno, valutazione gratis;valutazione gratuita|senza impegno|valutazione gratis;"✅ **La valutazione gratuita è davvero senza impegno.** Analizziamo il tuo immobile con comparabili reali di mercato e ti forniamo un report dettagliato per decidere se procedere con noi. Nessun vincolo, nessun costo.

📞 Chiama il **049.8843484** o scrivi *""contattami""* per prenotare.";vendita;;;
Domanda su: vendere veloce, tempi vendita agenzia, vendita rapida padova;vendere veloce|tempi vendita agenzia|vendita rapida padova|45 giorni vendita;"⏱️ **In media 45-60 giorni** con la nostra strategia multicanale. Riduciamo i tempi grazie a:

• Promozione su portali leader (Immobiliare.it, Idealista, Casa.it)
• Social geolocalizzati
• Acquirenti già pre-qualificati nella nostra banca dati

Il 98% dei nostri clienti vende entro i tempi previsti.";vendita;;;
Domanda su: foto professionali, drone, video 4k;foto professionali|drone|video 4k|virtual tour|foto immobile;"📸 **Investiamo nella qualità visiva del tuo immobile:**

• Foto professionali con **drone**
• Virtual tour **360°**
• Video cinematici **4K**
• Planimetrie **3D interattive**

Tutto incluso, senza anticipo. Un immobile con foto professionali riceve il **40% di contatti in più**.";documenti;;;
Domanda su: selezionate acquirenti, acquirenti qualificati, curiosi;selezionate acquirenti|acquirenti qualificati|curiosi|qualifica acquirente;"🔍 **Selezioniamo rigorosamente ogni acquirente:**

• Verifica capacità economica (pre-approvazione mutuo)
• Analisi motivazioni e tempistiche
• Evitiamo curiosi e perditempo

Presentiamo solo acquirenti qualificati e pronti all'acquisto.";mutui;;;
Domanda su: parte legale, rogito, fino al rogito;parte legale|rogito|fino al rogito|assistenza legale vendita;"⚖️ **Sì, ti accompagniamo dalla valutazione al passaggio chiavi:**

• Contratto preliminare
• Coordinamento mutuo acquirente
• Rapporto con il notaio
• Volture utenze

Tu firmi e non pensi a nulla. Servizio **chiavi in mano**.";mutui;;;
Domanda su: immobili lusso, lusso, prestigio;immobili lusso|lusso|prestigio|alto spendente|christie|sotheby;"🏛️ **Strategie dedicate per il segmento lusso:**

• Marketing su **Christie's** e **Sotheby's**
• Network investitori internazionali
• Servizio fotografico premium
• Target alto-spendente mirato

Massima riservatezza e posizionamento esclusivo.";servizi;;;
Domanda su: prezzo non raggiunto, non si vende, sotto prezzo;prezzo non raggiunto|non si vende|sotto prezzo|ribasso;📉 **Se non si raggiunge il prezzo valutato**, rinegoziamo la strategia o proponiamo soluzioni alternative come l'affitto con riscatto. Mai forzature: **il tuo interesse viene prima di tutto**. Adattiamo il piano, non ti abbandoniamo.;affitto;;;
Domanda su: esclusiva, mandato libero, mandato esclusiva;esclusiva|mandato libero|mandato esclusiva|incarico;"📝 **Offriamo entrambe le opzioni:**

• **Esclusiva** → investimento marketing massimo, tempi più rapidi
• **Mandato libero** → maggiore libertà

L'esclusiva ci permette di investire di più nella promozione del tuo immobile, ma rispettiamo sempre la tua scelta.";servizi;;;
Domanda su: solo padova, zona coperta, dove lavorate;solo padova|zona coperta|dove lavorate|area operativa;"📍 **Copriamo tutta la provincia di Padova e oltre:**

• Padova città e prima cintura
• Selvazzano, Abano, Montegrotto, Rubano, Limena
• Monselice, Este, Cittadella, Camposampiero
• Fino a Vicenza e comuni limitrofi

**101 comuni** nel nostro database prezzi!";servizi;;;
Domanda su: esempi venduti, portfolio, casi studio;esempi venduti|portfolio|casi studio|immobili venduti;"🏡 **Sì, sul nostro portfolio online trovi:**

• Casi studio con foto prima/dopo
• Tempi di vendita reali
• Prezzi ottenuti

Ogni vendita è una storia di successo. Chiedici e ti mostriamo i risultati nella tua zona!";vendita;;;
Domanda su: chi paga foto, costo foto, anticipo foto;chi paga foto|costo foto|anticipo foto;💰 **Le foto professionali e il virtual tour li paghiamo noi**, senza anticipo. Investiamo nel tuo immobile come fosse nostro. Paghi solo a vendita conclusa.;vendita;;;
Domanda su: home staging, staging, allestimento;home staging|staging|allestimento;"🎨 **Sì, offriamo home staging:**

• **Staging virtuale gratuito** nelle foto (rendering digitale)
• **Staging fisico opzionale** per immobili vuoti

L'home staging aumenta la velocità di vendita del **+20%** e il prezzo finale fino al **+5%**.";vendita;;;
Domanda su: privacy visite, discrezione, riservatezza;privacy visite|discrezione|riservatezza|nda;"🔒 **Massima discrezione garantita:**

• Registrazione visitatori obbligatoria
• NDA per immobili sensibili
• Verifica identità prima di ogni visita

La tua privacy è una priorità assoluta.";servizi;;;
Domanda su: vendita asta, asta giudiziaria, asta immobiliare;vendita asta|asta giudiziaria|asta immobiliare;🔨 **Sì, gestiamo vendite all'asta** con strategie dedicate per massimizzare le offerte mantenendo la riservatezza fino all'aggiudicazione. Assistenza completa dalla perizia al decreto di trasferimento.;vendita;;;
Domanda su: offerta durante esclusiva, offerta migliore;offerta durante esclusiva|offerta migliore;📋 **Se ricevi un'offerta durante l'esclusiva**, la valutiamo insieme. Se è migliore della nostra strategia, la accettiamo senza penali. Il tuo interesse è sempre al primo posto.;servizi;;;
Domanda su: investitori istituzionali, family office, fondi;investitori istituzionali|family office|fondi|sgr;"🏦 **Sì, collaboriamo con:**

• Family office
• SGR (Società Gestione Risparmio)
• Fondi immobiliari

Per immobili da investimento con rendimenti interessanti. Network qualificato e riservato.";servizi;;;
Domanda su: valutazione mutuo, perizia banca, perizia ctu;valutazione mutuo|perizia banca|perizia ctu;🏦 **Sì, realizziamo perizie CTU accreditate** per tutte le principali banche: Intesa Sanpaolo, UniCredit, BNL, BPER, Banco BPM. Metodica OMI certificata.;mutui;;;
Domanda su: promozione portali, immobiliare.it, idealista;promozione portali|immobiliare.it|idealista|casa.it;"🌐 **Promozione multicanale massima:**

• Primo posto organico su **Immobiliare.it**
• **Idealista** e **Casa.it**
• Google My Business ottimizzato
• Social media geolocalizzati
• La nostra banca dati acquirenti

Visibilità totale per il tuo immobile.";servizi;;;
Domanda su: immobili commerciali, negozio, locale ufficio;immobili commerciali|negozio|locale ufficio|capannone vendita;"🏢 **Sì, gestiamo immobili commerciali:**

• Negozi e locali
• Uffici
• Capannoni e magazzini

Strategie **B2B dedicate** con promozione su canali professionali e network imprenditoriale.";vendita;;;
Domanda su: compenso, quanto costa vendere, costo vendita agenzia;compenso|quanto costa vendere|costo vendita agenzia;"💶 **Compenso di mediazione**

L'importo **non è pubblicato online**: si definisce **in sede** nel mandato, in modo chiaro. **Nessun costo anticipato** per valorizzazione e promozione: il corrispettivo concordato si applica secondo quanto pattuito nel contratto di mediazione.";vendita;;;
Domanda su: inquilini solvibili, solvibilità, garanzia inquilino;inquilini solvibili|solvibilità|garanzia inquilino|verifica inquilino;"✅ **Verifica solvibilità completa:**

• Buste paga e cedolini
• Garanzie bancarie
• Visura K-bis per aziende
• Scoring solvibilità

Solo inquilini affidabili e verificati.";documenti;;;
Domanda su: tipo contratto locazione, contratto 4+4, contratto 3+2;tipo contratto locazione|contratto 4+4|contratto 3+2|transitorio|foresteria;"📋 **Gestiamo tutti i tipi di contratto:**

• **4+4** — Libero mercato
• **3+2** — Canone concordato (vantaggi fiscali)
• **Transitorio** — Da 1 a 18 mesi
• **Commerciale** — Per attività
• **Foresteria** — Per aziende
• **Affitti brevi** — Turistici

Ti consigliamo la formula più vantaggiosa per la tua situazione.";fiscale;;;
Domanda su: registrazione contratto, agenzia entrate, registrazione locazione;registrazione contratto|agenzia entrate|registrazione locazione;📄 **Ci occupiamo gratuitamente della registrazione telematica** del contratto all'Agenzia delle Entrate. Zero burocrazia per te.;affitto;;;
Domanda su: gestione airbnb, locazione breve gestita, affitto turistico gestione;gestione airbnb|locazione breve gestita|affitto turistico gestione;"🏖️ **Gestione completa Airbnb e affitti brevi:**

• Check-in e check-out
• Pulizie professionali
• Gestione recensioni
• Ottimizzazione prezzi dinamici
• Comunicazione ospiti

Massimizziamo la tua rendita senza pensieri.";affitto;;;
Domanda su: inquilino non paga, morosità, sfratto;inquilino non paga|morosità|sfratto|mancato pagamento;"⚠️ **In caso di morosità, attiviamo:**

• Procedura legale rapida
• Recupero crediti tramite i nostri legali partner
• Assistenza completa dallo sfratto alla riconsegna

Polizze **affitto sicuro** disponibili per prevenire il problema.";affitto;;;
Domanda su: rivalutazione istat, adeguamento istat, aggiornamento canone;rivalutazione istat|adeguamento istat|aggiornamento canone;📈 **Calcoliamo e notifichiamo automaticamente** la rivalutazione ISTAT ogni anno. Nessun adeguamento dimenticato, massima tutela del tuo reddito locativo.;vendita;;;
Domanda su: scelgo inquilino, scelta inquilino, ultimo parola;scelgo inquilino|scelta inquilino|ultimo parola;👤 **Sì, hai sempre l'ultima parola** dopo la nostra qualifica di solvibilità. Ti presentiamo i candidati migliori con tutte le informazioni, tu decidi chi ospitare nel tuo immobile.;affitto;;;
Domanda su: immobili ammobiliati, arredato affitto, inventario;immobili ammobiliati|arredato affitto|inventario;"🛋️ **Sì, gestiamo immobili ammobiliati:**

• Inventario iniziale dettagliato con foto
• Stato di locazione documentato
• Riconsegna finale verificata

Tutela completa del tuo arredamento.";documenti;;;
Domanda su: tempo trovare inquilino, quanto tempo affittare;tempo trovare inquilino|quanto tempo affittare;"⏱️ **Media 18 giorni** per trovare inquilino grazie al doppio canale:

• **Privati** — portali + social
• **Aziende** — relocation multinazionali

Raggiungiamo il target giusto rapidamente.";affitto;;;
Domanda su: contratti expat, relocation, aziende affitto;contratti expat|relocation|aziende affitto|multinazionali;🌍 **Sì, contratti relocation** con multinazionali e professionisti trasfertisti. Esperienza consolidata con aziende del territorio padovano e veronese. Contratti su misura in italiano e inglese.;affitto;;;
Domanda su: polizza affitto sicuro, garanzia canone, assicurazione affitto;polizza affitto sicuro|garanzia canone|assicurazione affitto;"🛡️ **Partnership con compagnie assicurative** per polizze **affitto sicuro**:

• Garanzia canone mensile
• Copertura morosità
• Tutela legale inclusa

Dormi tranquillo, il canone è garantito.";affitto;;;
Domanda su: spese condominiali inquilino, chi paga condominio;spese condominiali inquilino|chi paga condominio;🏢 **Chiarimento forfettario nel contratto.** Noi verifichiamo i conteggi millesimali e gestiamo la ripartizione corretta tra proprietario e inquilino secondo la legge vigente.;affitto;;;
Domanda su: successione locativa, passaggio contratto eredi, subentro;successione locativa|passaggio contratto eredi|subentro;📋 **Gestiamo il passaggio contratti agli eredi** con comunicazione all'Agenzia delle Entrate e aggiornamento di tutte le registrazioni. Assistenza completa nella successione locativa.;servizi;;;
Domanda su: regolarità edilizia, verifica edilizia, scia;regolarità edilizia|verifica edilizia|scia|dia|condono|sanatoria;"🏗️ **Verifica completa della regolarità edilizia:**

• Analisi planimetrie catastali
• Verifica SCIA/DIA
• Controllo condoni e sanatorie
• Identificazione eventuali abusi

Nessuna sorpresa dopo la firma del preliminare.";documenti;;;
Domanda su: vincoli urbanistici, prg, pgt;vincoli urbanistici|prg|pgt|servitù;"📐 **Controlliamo tutti i vincoli urbanistici:**

• Sopralluogo tecnico
• Visure PRG/PGT
• Banche dati servitù
• Vincoli paesaggistici e idrogeologici

Sicurezza totale prima di firmare.";servizi;;;
Domanda su: vizio occulto, vizi nascosti, difetto immobile;vizio occulto|vizi nascosti|difetto immobile;"⚠️ **Tutela contrattuale contro vizi occulti:**

• Clausola rescissoria
• Caparra confirmatoria risarcitoria automatica
• Dichiarazioni venditore dettagliate

Il preliminare ti protegge da sorprese.";servizi;;;
Domanda su: compromesso bilingue, acquirenti stranieri, contratto inglese;compromesso bilingue|acquirenti stranieri|contratto inglese;"🌍 **Redigiamo compromessi bilingue** per acquirenti stranieri:

• Italiano/Inglese
• Italiano/Cinese
• Italiano/Arabo

Assistenza completa per compravendite internazionali.";acquisto;;;
Domanda su: mutuo ipotecario, sospensione rate, preventivo mutuo;mutuo ipotecario|sospensione rate|preventivo mutuo;"🏦 **Assistenza mutui ipotecari completa:**

• Perizia tecnica
• Preventivo mutuo migliore
• Sospensione rate se necessario
• Coordinamento con la banca

Ti aiutiamo a ottenere le condizioni migliori.";mutui;;;
Domanda su: imposta registro, imposte acquisto, tasse preliminare;imposta registro|imposte acquisto|tasse preliminare;"💰 **Calcolo esatto delle imposte** e assistenza nel pagamento telematico:

• Imposta di registro
• Imposta ipotecaria e catastale
• Simulazione costi totali

Trasparenza totale sui costi fin dall'inizio.";fiscale;;;
Domanda su: servitù prediali, ipoteche giudiziali, visure ipotecarie;servitù prediali|ipoteche giudiziali|visure ipotecarie;"🔍 **Verifiche ipotecarie complete:**

• Analisi atti e visure
• Servitù prediali
• Ipoteche giudiziali
• Cancellazioni necessarie

Nessun vincolo nascosto: garanzia totale.";servizi;;;
Domanda su: clausole penali, penale contratto, ritiro proposta;clausole penali|penale contratto|ritiro proposta;⚖️ **Clausole penali personalizzate** su misura per ogni trattativa: tempistiche, ritiro, condizioni sospensive. Ogni clausola è calibrata per proteggere i tuoi interessi specifici.;servizi;;;
Domanda su: coordinamento notaio, notaio partner, lista notai;coordinamento notaio|notaio partner|lista notai;📋 **Siamo coordinati con tutti i notai** della provincia. Lista notai partner con tariffe dedicate per i nostri clienti. Gestiamo tutti gli appuntamenti e la documentazione.;documenti;;;
Domanda su: accollo mutuo, passaggio mutuo;accollo mutuo|passaggio mutuo;"🏦 **Gestiamo l'accollo mutui:**

• Rinegoziazione condizioni
• Passaggio banca
• Verifica convenienza

Ti seguiamo in ogni aspetto finanziario della compravendita.";mutui;;;
Domanda su: divisione ereditaria, eredità immobile, successione divisione;divisione ereditaria|eredità immobile|successione divisione;"👨‍👩‍👧 **Gestiamo donazioni e divisioni ereditarie** con i nostri commercialisti partner per ottimizzazione fiscale:

• Perizie per divisione
• Analisi donazione vs cessione
• Calcolo imposte e plusvalenze";fiscale;;;
Domanda su: apostille, legalizzazione, rogito internazionale;apostille|legalizzazione|rogito internazionale;🌐 **Apostille e legalizzazione atti** per rogiti internazionali. Assistenza completa per acquirenti e venditori esteri con documentazione conforme alle normative internazionali.;documenti;;;
Domanda su: gestione completa, cosa include gestione, gestione patrimonio;gestione completa|cosa include gestione|gestione patrimonio;"🏠 **La gestione completa include:**

• Selezione e gestione inquilini
• Manutenzione ordinaria e straordinaria
• Pagamenti e rendicontazione
• Ottimizzazione fiscale
• Report periodici

Tu incassi, noi pensiamo a tutto il resto.";fiscale;;;
Domanda su: app proprietari, dashboard, portale proprietario;app proprietari|dashboard|portale proprietario;"📱 **Dashboard online per proprietari:**

• Incassi in tempo reale
• Stato manutenzioni
• Documenti scaricabili **24/7**
• Storico pagamenti

Controlla il tuo patrimonio ovunque ti trovi.";documenti;;;
Domanda su: artigiani, rete artigiani, manutenzione urgente;artigiani|rete artigiani|manutenzione urgente;"🔧 **Rete di 40+ artigiani qualificati** con SLA (tempi di intervento garantiti):

• Idraulici, elettricisti, fabbri
• Imbianchini, muratori
• Caldaisti, climatizzatori
• Pronto intervento h24

Interventi rapidi e prezzi concordati.";servizi;;;
Domanda su: redditività portafoglio, rendimento immobili, analisi rendita;redditività portafoglio|rendimento immobili|analisi rendita;"📊 **Report trimestrale di redditività:**

• Yield lordo e netto
• Benchmark con il mercato
• Proiezioni a 12-24 mesi
• Suggerimenti di ottimizzazione

Massimiziamo il rendimento del tuo portafoglio.";servizi;;;
Domanda su: ottimizzazione fiscale, cedolare secca gestione, tasse immobili;ottimizzazione fiscale|cedolare secca gestione|tasse immobili;"📋 **Ottimizzazione carico fiscale:**

• Cedolare secca vs regime ordinario
• Rivalutazioni OICE
• Leasing operativo
• Deduzioni e detrazioni applicabili

Risparmi fiscali concreti sul tuo patrimonio.";fiscale;;;
Domanda su: manutenzione predittiva, check stagionale, prevenzione guasti;manutenzione predittiva|check stagionale|prevenzione guasti;"🔧 **Piani di manutenzione predittiva:**

• Check stagionali programmati
• Analisi costi/benefici interventi
• Prevenzione guasti costosi

Meglio prevenire che riparare: risparmi fino al **30%** sui costi di manutenzione.";servizi;;;
Domanda su: patrimoni ereditari, immobili eredità gestione, divisione quote;patrimoni ereditari|immobili eredità gestione|divisione quote;"👨‍👩‍👧 **Gestiamo patrimoni ereditari complessi:**

• Divisioni immobiliari
• Locazioni pro-quota
• Gestione contenziosi tra eredi
• Valorizzazione e vendita concordata

Esperienza trentennale nelle situazioni più delicate.";affitto;;;
Domanda su: assicurazione immobile, polizza multirischio, assicurazione globale;assicurazione immobile|polizza multirischio|assicurazione globale;"🛡️ **Polizze multirischio** con massimali elevati:

• Incendio e scoppio
• Danni da acqua
• Responsabilità civile
• Furto e atti vandalici

Partnership con le migliori compagnie per coperture complete.";servizi;;;
Domanda su: hotel management, case vacanze, gestione vacanze;hotel management|case vacanze|gestione vacanze;"🏖️ **Gestione chiavi in mano per case vacanze:**

• Promozione su Booking, Airbnb
• Check-in/check-out
• Pulizie e biancheria
• Manutenzione e assistenza ospiti

Rendita passiva garantita sul tuo immobile vacanza.";servizi;;;
Domanda su: immobili strumentali, leasing immobile, cespiti bilancio;immobili strumentali|leasing immobile|cespiti bilancio;"🏢 **Gestiamo immobili strumentali per aziende:**

• Leasing finanziario e operativo
• Rivalutazione cespiti a bilancio
• Gestione contratti professionali

Soluzioni su misura per il patrimonio aziendale.";vendita;;;
Domanda su: perizia valida banca, perizia abi, perizia accreditata;perizia valida banca|perizia abi|perizia accreditata;🏦 **Sì, le nostre perizie sono accreditate ABI** con metodica OMI/CTU. Valide per tutte le principali banche italiane. Periti iscritti ai ruoli giudiziali dei tribunali.;servizi;;;
Domanda su: tempo perizia, quanto tempo valutazione, tempi report;tempo perizia|quanto tempo valutazione|tempi report;"⏱️ **Tempi di consegna:**

• **Valutazione gratuita:** 24-48 ore
• **Perizia completa certificata:** 5 giorni lavorativi
• **Perizia giurata CTU:** 7-10 giorni

Rapidità senza compromessi sulla qualità.";vendita;;;
Domanda su: valutazione asta, immobile asta valore, stima asta;valutazione asta|immobile asta valore|stima asta;"🔨 **Valutiamo immobili all'asta:**

• Analisi perizia del tribunale
• Confronto con valori di mercato
• Valutazione rischi legali
• Gap asta/mercato

Ti aiutiamo a capire se conviene partecipare.";vendita;;;
Domanda su: stima divisione, perizia ereditaria, perizia giurata;stima divisione|perizia ereditaria|perizia giurata;"⚖️ **Perizie per divisioni ereditarie:**

• Perizie giurate con valore legale
• Assistenza CTU giudiziale
• Valutazioni imparziali e certificate

Risolviamo situazioni complesse con competenza e imparzialità.";vendita;;;
Domanda su: database comparabili, comparabili mercato, transazioni recenti;database comparabili|comparabili mercato|transazioni recenti;📊 **Database di 15.000+ transazioni** nella provincia di Padova degli ultimi 24 mesi. Dati reali, non stime algoritmiche. È ciò che rende le nostre valutazioni accurate e affidabili.;vendita;;;
Domanda su: valutazione rurale, immobile rurale, terreno agricolo valutazione;valutazione rurale|immobile rurale|terreno agricolo valutazione;"🌾 **Valutiamo immobili rurali:**

• Calcolo DGRV
• Reddito fondiario
• Cubatura edificabile
• Potenzialità di trasformazione

Conosciamo il mercato agricolo del territorio padovano.";vendita;;;
Domanda su: perizia ipocatastale, docfa, accatastamento;perizia ipocatastale|docfa|accatastamento|frazionamento;"📐 **Perizie ipocatastali complete:**

• Pratiche DOCFA
• Accatastamenti e variazioni
• Frazionamenti e fusioni
• Aggiornamento planimetrie

Gestiamo tutta la parte catastale.";documenti;;;
Domanda su: redditività locativa, yield, break even;redditività locativa|yield|break even|irr immobiliare;"📊 **Analisi redditività locativa completa:**

• **Yield lordo e netto**
• **Break-even** dell'investimento
• **IRR** (Tasso Interno di Rendimento)
• Confronto con alternative

Numeri chiari per decidere se investire.";servizi;;;
Domanda su: valutazione commerciale, stima negozio, dcf immobiliare;valutazione commerciale|stima negozio|dcf immobiliare;"🏢 **Valutiamo immobili commerciali** con metodi professionali:

• Metodo **DCF** (Discounted Cash Flow)
• Capitalizzazione dei redditi
• Comparazione di mercato

Valutazioni affidabili per ogni tipologia commerciale.";vendita;;;
Domanda su: trend quartiere, microzona, proiezioni prezzi;trend quartiere|microzona|proiezioni prezzi;"📈 **Analisi trend di quartiere:**

• Microzonizzazione dettagliata
• Proiezioni a **12-24 mesi**
• Fattori di crescita (infrastrutture, servizi, trasporti)
• Confronto storico

Sapere dove investire fa la differenza.";servizi;;;
Domanda su: mutuo 100, valutazione mutuo giovani, mutuo prima casa;mutuo 100|valutazione mutuo giovani|mutuo prima casa;"🏠 **Valutazioni ex-ante per mutuo 100%:**

• Simulazione banca preventiva
• Buffer di sicurezza
• Verifica fattibilità prima dell'offerta

Ti evitiamo brutte sorprese in fase di richiesta mutuo.";mutui;;;
Domanda su: passaggio generazionale, donazione immobile, cessione genitori;passaggio generazionale|donazione immobile|cessione genitori;"👨‍👩‍👧 **Valutazioni per passaggio generazionale:**

• Analisi donazione vs cessione a titolo oneroso
• Calcolo imposte per entrambi gli scenari
• Ottimizzazione fiscale intergenerazionale

La scelta giusta può far risparmiare migliaia di euro.";fiscale;;;
Domanda su: volture luce gas, chi paga volture, costo volture;volture luce gas|chi paga volture|costo volture;💡 **Le volture luce e gas le gestiamo gratis.** Nessun costo aggiuntivo per te. Ci occupiamo di tutto: documentazione, contatti con i fornitori, attivazione.;documenti;;;
Domanda su: tempo attivazione, quanto tempo utenze, attivazione rapida;tempo attivazione|quanto tempo utenze|attivazione rapida;⏱️ **48 ore dalla consegna chiavi** per l'attivazione di tutte le utenze. Tempistiche garantite grazie ai nostri rapporti diretti con i fornitori.;servizi;;;
Domanda su: fornitore conveniente, miglior offerta luce, confronto fornitori;fornitore conveniente|miglior offerta luce|confronto fornitori|mercato libero;"💰 **Confrontiamo 15+ operatori** del mercato libero per trovarti l'offerta più conveniente:

• Luce e gas
• Tutti gli operatori nazionali
• Analisi consumi personalizzata

Risparmi reali sulla bolletta fin dal primo mese.";servizi;;;
Domanda su: acqua fogna, utenze acqua, multi utility;acqua fogna|utenze acqua|multi utility;"🚰 **Gestiamo tutte le utenze multi-utility:**

• Acqua potabile
• Fognatura
• Rifiuti

Un unico interlocutore per tutte le attivazioni.";servizi;;;
Domanda su: volture impresa, partita iva utenze, utenze ufficio;volture impresa|partita iva utenze|utenze ufficio;"🏢 **Volture per partite IVA e imprese:**

• Utenze business
• Split utenze uffici
• Potenza impegnata personalizzata
• Orario festivo/notturno

Gestione professionale per le aziende.";azienda;;;
Domanda su: fotovoltaico, bonus 110, gse;fotovoltaico|bonus 110|gse|pannelli solari utenze;"☀️ **Partnership con GSE per:**

• Pratiche fotovoltaico
• Bonus 110% e incentivi
• Scambio sul posto
• Comunità energetiche

Ti accompagniamo nell'efficientamento energetico.";servizi;;;
Domanda su: utenze temporanee, utenze cantiere, utenze evento;utenze temporanee|utenze cantiere|utenze evento;"⚡ **Attivazioni utenze temporanee** per:

• Cantieri edili
• Eventi e manifestazioni
• Locazioni brevi

Rapide da attivare, facili da chiudere.";affitto;;;
Domanda su: bonus sociale, isee, bonus luce gas;bonus sociale|isee|bonus luce gas;"👨‍👩‍👧 **Assistenza bonus sociali:**

• Verifica requisiti ISEE
• Richiesta bonus luce e gas
• Autocertificazioni
• Rinnovi automatici

Ti aiutiamo ad accedere a tutti gli sconti a cui hai diritto.";servizi;;;
Domanda su: audit consumi, analisi bollette, risparmio bolletta;audit consumi|analisi bollette|risparmio bolletta;"📊 **Audit consumi energetici:**

• Analisi ultimi 24 mesi di bollette
• Identificazione sprechi
• Piano risparmio personalizzato
• **Risparmio garantito** o ti rimborsiamo la consulenza";servizi;;;
Domanda su: guasti 24, pronto intervento, emergenza utenze;guasti 24|pronto intervento|emergenza utenze;"🚨 **Assistenza guasti 24/7:**

• Helpdesk dedicato
• Pronto intervento
• Coordinamento con tecnici

Un numero diretto per ogni emergenza, giorno e notte.";servizi;;;
Domanda su: utenze condominio, millesimi, contatori singoli;utenze condominio|millesimi|contatori singoli;"🏢 **Gestione utenze condominiali:**

• Ripartizione millesimi corretta
• Contatori singoli
• Coordinamento con l'amministratore

Niente più discussioni sui consumi.";servizi;;;
Domanda su: checklist consegna, protocollo consegna, report utenze;checklist consegna|protocollo consegna|report utenze;"✅ **Checklist consegna utenze certificata:**

• Protocollo firmato di consegna
• Report finale con tutti i codici contratto
• Contatti diretti fornitori
• Scadenze e promemoria

Tutto documentato, nulla lasciato al caso.";documenti;;;
Domanda su: efficientamento, classe energetica migliorare, ape post lavori;efficientamento|classe energetica migliorare|ape post lavori;"🏠 **Pratiche di efficientamento energetico:**

• APE post-riqualificazione
• Classi D1-D4
• Coordinamento con tecnici certificati

Migliora la classe energetica e aumenta il valore del tuo immobile.";documenti;;;
Domanda su: acquistare appartamento limena, guida acquisto limena, comprare casa limena 2026;acquistare appartamento limena|guida acquisto limena|comprare casa limena 2026|come comprare limena;"🏡 **Acquistare a Limena nel 2026**

Percorso consigliato:
1. **Budget e mutuo** — capacità di spesa realistica
2. **OMI ADE** — fasce ufficiali per comune e tipologia
3. **Visite con checklist** — planimetria, APE, condominio
4. **Comparabili** — annunci simili negli ultimi mesi
5. **Proposta scritta** — con condizioni chiare

Limena è a circa 8 km da Padova: ottima per famiglie e pendolari.

Vuoi una **valutazione gratuita** o cercare annunci in zona?";mutui;;;
Domanda su: zone omi b1 r1, cosa sono zone omi, omi limena zone;zone omi b1 r1|cosa sono zone omi|omi limena zone|fascia omi limena;"📊 **Zone OMI (B1, R1…)**

Sono **fasce statistiche** dell'Agenzia delle Entrate per comparare prezzi: non sono un giudizio assoluto sulla qualità del quartiere.

• **B1** — aree centrali o molto servite
• **R1** — residenziale standard

Per Limena consulta il portale OMI con comune e semestre corrente, poi confronta con annunci reali.

Posso stimare un immobile se mi indichi metratura e tipologia.";vendita;;;
Domanda su: leggere annuncio vendita, annuncio vendita limena, red flag annuncio;leggere annuncio vendita|annuncio vendita limena|red flag annuncio|annuncio sospetto|come leggere annuncio;"🔍 **Leggere un annuncio di vendita**

Controlla sempre:
• Tipologia, mq, piano, stato
• **APE** e planimetria catastale
• Coerenza **foto ↔ descrizione**
• Prezzo vs **fascia OMI** del comune

**Red flag:** prezzo anomalo, assenza documenti, bonifici anticipati, rifiuto visite, foto incomplete.

Agenzia o privato: entrambi validi, ma la **due diligence** resta all'acquirente. Possiamo accompagnarti nelle visite.";documenti;;;
Domanda su: bilocale o trilocale limena, bilocale trilocale limena, meglio bilocale trilocale;bilocale o trilocale limena|bilocale trilocale limena|meglio bilocale trilocale|famiglia bilocale limena;"🏠 **Bilocale o trilocale a Limena?**

• **Bilocale** — coppie, pendolari, budget più contenuto
• **Trilocale** — famiglie con figli o bisogno di studio separato

Con un figlio piccolo il bilocale può bastare fino a 3–4 anni; per orizzonte 5–7 anni il trilocale migliora la qualità di vita.

Prezzi ufficiali: portale **OMI ADE**, stesso semestre, tipologia abitativa.

Dimmi metratura e budget e ti oriento sui comparabili.";servizi;;;
Domanda su: gruppo immobiliare righetto, righetto limena sede, agenzia limena via roma;gruppo immobiliare righetto|righetto limena sede|agenzia limena via roma|chi è righetto limena;"🏢 **Righetto Immobiliare a Limena**

• **Sede:** Via Roma 96, 35010 Limena (PD)
• **Dal 2000** su Padova e provincia — **101 comuni**
• **127 recensioni** Google, media **4,9/5**
• **350+** immobili gestiti nel tempo

Il compenso di mediazione **non è pubblicato online**: si concorda in sede nel mandato, con chiarezza su servizi inclusi.

Vuoi fissare un appuntamento **senza impegno**?";azienda;;;
Domanda su: scegliere agenzia limena, agenzia immobiliare limena, quale agenzia limena;scegliere agenzia limena|agenzia immobiliare limena|quale agenzia limena|agenzia limena o padova;"🤝 **Scegliere un'agenzia a Limena**

Verifica:
• Presenza **stabile** sul territorio
• **Valutazione scritta** con comparabili
• Piano **marketing** esplicito (foto, portali, visite)
• **Compenso** chiaro nel mandato (in sede, non online)
• Referenze **verificabili** — niente pressioni

Limena o Padova centro? Per immobili a Limena conta chi vende **nel comune** con prove recenti. Chiedi report visite e verifica documenti prima di firmare (art. 1754 c.c.).

📞 **049.8843484** — incontro gratuito in Via Roma 96.";documenti;;;
Domanda su: affitto limena 2026, affittare limena, canoni limena;affitto limena 2026|affittare limena|canoni limena|quanto affitto limena;"🔑 **Affitti a Limena 2026**

Non pubblichiamo €/mq inventati: le **fasce ufficiali** sono sul portale **OMI dell'Agenzia delle Entrate** (comune Limena, finalità locazione).

Il canone effettivo dipende da mq, stato, piano, arredamento e domanda locale.

**Limena vs Padova centro:** spesso metrature più generose, collegamenti rapidi (~8 km), domanda stabile da famiglie e lavoratori.

Cerchi casa in affitto o vuoi **affittare** il tuo immobile?";affitto;;;
Domanda su: contratto affitto limena, affitto limena contratto, deposito cauzionale limena;contratto affitto limena|affitto limena contratto|deposito cauzionale limena|registrazione affitto limena;"📄 **Contratto di affitto a Limena**

• **4+4 canone libero** — standard per uso abitativo
• **3+2 concordato** — canone calmierato, agevolazioni fiscali
• **Transitorio** — 1–18 mesi, solo con motivazione documentata

**Deposito cauzionale:** fino a **3 mensilità** (restituzione a fine locazione se immobile in ordine).

**Registrazione:** obbligatoria entro **30 giorni** all'Agenzia delle Entrate — serve per detrazioni e certificazioni.

Vuoi affittare o cercare casa? Ti guidiamo su contratto e registrazione.";fiscale;;;
Domanda su: affitto transitorio padova, contratto transitorio, durata transitorio;affitto transitorio padova|contratto transitorio|durata transitorio|motivazione transitorio|affitto breve transitorio;"⏳ **Affitto transitorio a Padova**

• **Durata:** minimo 1 mese, massimo **18 mesi** (date precise in contratto)
• **Non si rinnova tacitamente** come il 4+4
• **Motivazioni documentate:** trasferimento lavoro, tirocinio, master, lavori in casa, separazione, cure mediche

**Registrazione:** entro 30 giorni all'Agenzia delle Entrate (imposta di registro 2% del canone annuo lordo).

**Transitorio vs 3+2 concordato:** il concordato vincola il canone ma dura di più; il transitorio è per soggiorni brevi con motivazione comprovata.

Descrivi la tua situazione e ti indichiamo la formula più adatta.";documenti;;;
Domanda su: affitto rubano lavoratori, rubano o limena affitto, cintura padova affitto lavoro;affitto rubano lavoratori|rubano o limena affitto|cintura padova affitto lavoro|affitto lavoratori rubano limena;"🚗 **Affitto Rubano o Limena per lavoratori**

• **Rubano** (~7 km da Padova) — vicina ad aree produttive Vigodarzere–Cadoneghe
• **Limena** (~8 km) — servizi consolidati, domanda famiglie e pendolari

La scelta dipende da **dove lavori** e come ti sposti — non da slogan generici.

Canoni ufficiali: portale **OMI ADE** per Rubano o Limena. Il segmento **lavoratori** è diverso da quello **studentesco** (cicli e zone diverse).

**Corporate housing** (loft aziendali, cucina condivisa) ≠ affitto residenziale 4+4: servono esigenze HR temporanee.

Indica zona lavoro e ti oriento.";affitto;;;
Domanda su: mandato esclusivo, esclusiva vendita, mandato in esclusiva;mandato esclusivo|esclusiva vendita|mandato in esclusiva|perché esclusiva|vendere in esclusiva;"📝 **Mandato esclusivo di vendita**

Contratto di mediazione (art. **1754 c.c.**) con **un solo intermediario** per un periodo definito. L'agente investe di più in marketing e coordina le visite senza concorrenza tra agenzie.

• **Durata tipica a Padova:** 3–6 mesi
• **Rinnovo automatico:** da evitare senza consenso scritto
• **Recesso anticipato:** solo se previsto nel contratto
• **Compenso:** sempre concordato **in sede** — non pubblichiamo percentuali online

Vuoi capire se conviene per il tuo immobile? **Valutazione gratuita** in Via Roma 96.";vendita;;;
Domanda su: durata mandato vendita, quanto dura mandato, revocare mandato;durata mandato vendita|quanto dura mandato|revocare mandato|recesso mandato esclusivo;"⏱️ **Durata e recesso del mandato**

In provincia di Padova il mandato dura in media **3–6 mesi** — tempo sufficiente per marketing, visite e trattativa.

Prima di firmare chiedi:
• Durata e condizioni di **rinnovo**
• **Recesso anticipato** e penali eventuali
• Piano marketing e **report visite**
• Compenso, IVA e chi paga

Tutto deve essere chiaro nel contratto di mediazione. Per un confronto senza impegno: **049.8843484**.";vendita;;;
Domanda su: domanda supera offerta, domanda offerta 2026, squilibrio mercato padova;domanda supera offerta|domanda offerta 2026|squilibrio mercato padova|transazioni q1 2026|mercato residenziale 2026;"📈 **Domanda vs offerta (Q1 2026)**

Dati **Osservatorio ADE** (fonte istituzionale):
• Transazioni abitative **+4,4%** nel Q1 2026
• Nuovo edificato **+14,6%** ma non basta ovunque
• Prezzi medi nazionali indicativi: ~**2.200 €/mq** vendita, ~**175 €/mq annui** locazione (+4,3% aggregato)

A Padova conta la **microzona**: stock selezionato e tempi di vendita variano per quartiere.

Vuoi una lettura sul **tuo comune** o una stima del tuo immobile?";affitto;;;
Domanda su: ricerche online tipologie, bilocale più cercato, trilocale vendita ricerche;ricerche online tipologie|bilocale più cercato|trilocale vendita ricerche|tipologia più richiesta affitto;"🔎 **Cosa cercano online nel 2026**

Dalle analisi comportamentali sui portali (fonte secondaria Immobiliare.it Insights):
• In **affitto** domina il **bilocale**
• In **vendita** il **trilocale** (formato famiglia)
• Il **monolocale** funziona in zone universitarie se prezzo e APE sono competitivi

**Per chi vende o affitta:** allinea annuncio, foto e prezzo a **OMI** e comparabili reali — non solo al desiderio.

Hai un immobile da mettere sul mercato? Valutazione gratuita in sede.";documenti;;;
Domanda su: outlook living, btr italia, build to rent;outlook living|btr italia|build to rent|pbsa padova|student housing padova;"🏗️ **Outlook Living e nuovi modelli**

Il report **Cushman & Wakefield** descrive trend sul residenziale in Italia:
• **BTR** (build-to-rent) — immobili progettati per locazione gestita
• **PBSA** — student housing dedicato (ESU, privati, mercato libero)

**Padova ha dinamiche proprie:** non extrapolare l'hype delle grandi metro su provincia e prima cintura.

Per investire o affittare serve analisi **locale** con OMI e comparabili — non slogan nazionali.";affitto;;;
Domanda su: canoni affitto gennaio 2026, affitti in aumento italia, mercato affitti 2026;canoni affitto gennaio 2026|affitti in aumento italia|mercato affitti 2026|idealista affitti gennaio;"📊 **Mercato affitti inizio 2026**

Fonti secondarie (es. Idealista) segnalano circa **+1%** y/y sui canoni richiesti a gennaio 2026 a livello nazionale.

Per decisioni serie usa sempre le **fasce OMI ADE** per comune e semestre — sono il riferimento ufficiale.

A Padova la zona conta: università/tram vs prima cintura (Limena, Rubano) per famiglie e lavoratori.

Cerchi affitto o vuoi mettere a reddito un immobile?";affitto;;;
Domanda su: housing market padova, padova expensive, comprare o affittare padova;housing market padova|padova expensive|comprare o affittare padova|guida mercato padova english;"🏙️ **Mercato abitativo Padova 2026**

I prezzi **variano molto per zona** — evita medie generiche e usa **fasce OMI**.

• Famiglie: spesso **Arcella**, **Sacro Cuore**, prima cintura (**Limena**, **Rubano**)
• Trend Q1: vedi articolo domanda/offerta ADE (+4,4% transazioni)
• Chi si trasferisce: molti **affittano 1–2 anni** prima di comprare

Dimmi comune e tipologia: posso stimare o mostrarti annunci.";affitto;;;
Domanda su: relazione tecnico commerciale affitto, affitto studenti analisi, camere studenti padova;relazione tecnico commerciale affitto|affitto studenti analisi|camere studenti padova|quante camere studenti;"📋 **Relazione tecnico-commerciale (affitto studenti)**

Documento che incrocia:
• Analisi di **mercato** e canoni zona universitaria
• Stato **tecnico** dell'immobile
• Configurazione **camere** e servizi
• Tipologia **contrattuale** e fiscalità

In un appartamento tipo 110–130 m² in prima cintura, **5 studenti** bilancia spesso redditività e gestione (6 solo se impianti e regolamento condominiale lo consentono).

Confronta **costo totale** per lo studente: canone + utenze + condominio + internet — non solo il canone in annuncio.";fiscale;;;
Domanda su: cedolare 21 studenti, 4+4 o concordato studenti, canone concordato studenti;cedolare 21 studenti|4+4 o concordato studenti|canone concordato studenti|affitto studenti fiscalità;"💶 **4+4 cedolare 21% vs concordato studenti**

• **4+4 + cedolare 21%** — flessibilità sul canone negli anni
• **Concordato** — cedolare **10%**, riduzione IMU, ma canone **vincolato** all'accordo territoriale

La scelta dipende da durata prevista, canone di mercato e gestione. Per studentato privato vs locazione tradizionale confronta il **costo complessivo** per inquilino.

Vuoi mettere a reddito un appartamento universitario? Parliamone in sede.";fiscale;;;
Domanda su: affitto studenti padova quando cercare, stanza universitaria settembre, quando cercare casa studenti;affitto studenti padova quando cercare|stanza universitaria settembre|quando cercare casa studenti|student rentals padova;"🎓 **Affitto per studenti a Padova**

• **Miglior periodo:** maggio–luglio per settembre; ad agosto si stringe
• Canoni: consulta **OMI** e comparabili — non pubblichiamo €/mq fissi
• **ESU** per studenti eleggibili; molti usano il mercato libero
• Contratti: 4+4, concordato o formule per studenti (6–36 mesi)

Hai già zona preferita (università, tram, prima cintura)? Posso cercare annunci o spiegarti i contratti.";affitto;;;
Domanda su: contratto affitto 4+4 guida, rental contract padova, registrazione contratto affitto;contratto affitto 4+4 guida|rental contract padova|registrazione contratto affitto|deposito affitto tre mensilità;"📄 **Contratto di locazione: guida rapida**

• **4+4 libero** — canone concordato liberamente tra le parti
• **3+2 concordato** — canone nei limiti locali, vantaggi fiscali
• **Registrazione** — obbligatoria entro 30 giorni (Agenzia delle Entrate)
• **Deposito** — tipicamente fino a **3 mensilità** per uso abitativo
• **Transitorio** — solo per permanenze temporanee documentate

Per Limena e Padova provincia applichiamo le stesse regole nazionali con attenzione al contesto locale.

Affitti o cerchi casa? Scrivi *""contattami""*.";fiscale;;;
Domanda su: loft aziendale, cucina condivisa hr, corporate housing padova;loft aziendale|cucina condivisa hr|corporate housing padova|foresteria aziendale|alloggio lavoratori padova vicenza;"🏢 **Loft aziendali e cucina condivisa**

Modello per trasferte **settimane/mesi** lungo la cintura **Padova–Vicenza** (SS, cantieri, stabilimenti):

• **Loft** — autonomia in camera + cucina e soggiorno comuni
• **Hotel** — pernottamento breve con servizi in struttura

HR spesso preferisce cucina condivisa: il rimborso giornaliero deve coprire **tre pasti** — cucinare in sede costa meno di hotel + ristoranti.

Pilota consigliato: circa **10 unità** per testare domanda prima di scalare.

Cerchi soluzione residenziale classica o corporate? Ti oriento.";azienda;;;