codice;comune;tipologia;n_mancanti;mancanti
T0021;Villafranca Padovana;terreno;6;"bagni; piano; anno costruzione; classe energetica; spese condominiali; descrizione breve (<200 caratteri)"
NEG2173a;Limena;negozio;3;"piano; spese condominiali; descrizione breve (<200 caratteri)"
;Limena;appartamento;3;"classe energetica; spese condominiali; descrizione breve (<200 caratteri)"
uff2189a;Limena;ufficio;3;"piano; spese condominiali; descrizione breve (<200 caratteri)"
CAP1687;Limena;capannone;3;"superficie; piano; spese condominiali"
UFF2245; Padova;ufficio;2;"piano; spese condominiali"
LA0312;Limena;;2;"piano; spese condominiali"
CAP1678;Piazzola Sul Brenta;capannone;2;"piano; spese condominiali"
LO0287;VILLAFRANCA PADOVANA;bifamiliare;2;"classe energetica; spese condominiali"
UFF2195a;Limena;ufficio;2;"piano; descrizione breve (<200 caratteri)"
LA0307;Curtarolo;villa;2;"piano; spese condominiali"
CAP1628;VILLAFRANCA PADOVANA;capannone;1;spese condominiali
LP0285-V;Grisignano di Zocco;villetta;1;spese condominiali
UFF2247;Limena;ufficio;1;spese condominiali
LP0286;Padova;villetta;1;spese condominiali
UFF2247-V;Limena;ufficio;1;spese condominiali
LF0353;Piazzola sul Brenta;appartamento;1;spese condominiali
CAP1609a;Rubano;capannone;1;spese condominiali
LF0034;Padova;appartamento;1;locali
LF0270;VILLAFRANCA PADOVANA;appartamento;1;locali
LP0280;Limena;villa;0;
LF0242;Padova;appartamento;0;
LA0317;Padova;appartamento;0;
